"file","specID","status","scanID","desc","seq","rec"
"JP01-dead-1scan_rec00749.jpg","JP01","dead","1scan","","","rec00749"
"JP02-dead-1scan-v3_rec00749.jpg","JP02","dead","1scan","v3","","rec00749"
"JP03-dead-1scan_rec00749.jpg","JP03","dead","1scan","","","rec00749"
"JP04-dead-1scan_v2_rec00749.jpg","JP04","dead","1scan","v2","inconsistent filename","rec00749"
"JP04-dead-1scan_v3_rec00749.jpg","JP04","dead","1scan","v3","inconsistent filename","rec00749"
"JP05-dead-1scan_rec00749.jpg","JP05","dead","1scan","","","rec00749"
"JP06-dead-1scan_rec00749.jpg","JP06","dead","1scan","","","rec00749"
"JP07-dead-1scan_rec00749.jpg","JP07","dead","1scan","","","rec00749"
"JP08-dead-1scan_rec00749.jpg","JP08","dead","1scan","","","rec00749"
"JP09-invivo-1scan-head_rec00749.jpg","JP09","invivo","1scan","head","","rec00749"
"JP09-invivo-1scan-neck_rec00749.jpg","JP09","invivo","1scan","neck","","rec00749"
"JP09-invivo-1scan-nose-v2_rec00749.jpg","JP09","invivo","1scan","nose-v2","","rec00749"
"JP09-invivo-1scan-nose_rec00749.jpg","JP09","invivo","1scan","nose","","rec00749"
"JP09-invivo-20scan-phase1-injection_001_rec00749.jpg","JP09","invivo","20scan","phase1-injection","001","rec00749"
"JP09-invivo-20scan-phase1-injection_002_rec00749.jpg","JP09","invivo","20scan","phase1-injection","002","rec00749"
"JP09-invivo-20scan-phase1-injection_003_rec00749.jpg","JP09","invivo","20scan","phase1-injection","003","rec00749"
"JP09-invivo-20scan-phase1-injection_004_rec00749.jpg","JP09","invivo","20scan","phase1-injection","004","rec00749"
"JP09-invivo-20scan-phase1-injection_005_rec00749.jpg","JP09","invivo","20scan","phase1-injection","005","rec00749"
"JP09-invivo-20scan-phase1-injection_006_rec00749.jpg","JP09","invivo","20scan","phase1-injection","006","rec00749"
"JP09-invivo-20scan-phase1-injection_007_rec00749.jpg","JP09","invivo","20scan","phase1-injection","007","rec00749"
"JP09-invivo-20scan-phase1-injection_008_rec00749.jpg","JP09","invivo","20scan","phase1-injection","008","rec00749"
"JP09-invivo-20scan-phase1-injection_009_rec00749.jpg","JP09","invivo","20scan","phase1-injection","009","rec00749"
"JP09-invivo-20scan-phase1-injection_010_rec00749.jpg","JP09","invivo","20scan","phase1-injection","010","rec00749"
"JP09-invivo-20scan-phase1-injection_011_rec00749.jpg","JP09","invivo","20scan","phase1-injection","011","rec00749"
"JP09-invivo-20scan-phase1-injection_012_rec00749.jpg","JP09","invivo","20scan","phase1-injection","012","rec00749"
"JP09-invivo-20scan-phase1-injection_013_rec00749.jpg","JP09","invivo","20scan","phase1-injection","013","rec00749"
"JP09-invivo-20scan-phase1-injection_014_rec00749.jpg","JP09","invivo","20scan","phase1-injection","014","rec00749"
"JP09-invivo-20scan-phase1-injection_015_rec00749.jpg","JP09","invivo","20scan","phase1-injection","015","rec00749"
"JP09-invivo-20scan-phase1-injection_016_rec00749.jpg","JP09","invivo","20scan","phase1-injection","016","rec00749"
"JP09-invivo-20scan-phase1-injection_017_rec00749.jpg","JP09","invivo","20scan","phase1-injection","017","rec00749"
"JP09-invivo-20scan-phase1-injection_018_rec00749.jpg","JP09","invivo","20scan","phase1-injection","018","rec00749"
"JP09-invivo-20scan-phase1-injection_019_rec00749.jpg","JP09","invivo","20scan","phase1-injection","019","rec00749"
"JP09-invivo-20scan-phase1-injection_020_rec00749.jpg","JP09","invivo","20scan","phase1-injection","020","rec00749"
"JP10-invivo-14scan-phase1-injection_001_rec00749.jpg","JP10","invivo","14scan","phase1-injection","001","rec00749"
"JP10-invivo-14scan-phase1-injection_002_rec00749.jpg","JP10","invivo","14scan","phase1-injection","002","rec00749"
"JP10-invivo-14scan-phase1-injection_003_rec00749.jpg","JP10","invivo","14scan","phase1-injection","003","rec00749"
"JP10-invivo-14scan-phase1-injection_004_rec00749.jpg","JP10","invivo","14scan","phase1-injection","004","rec00749"
"JP10-invivo-14scan-phase1-injection_005_rec00749.jpg","JP10","invivo","14scan","phase1-injection","005","rec00749"
"JP10-invivo-14scan-phase1-injection_006_rec00749.jpg","JP10","invivo","14scan","phase1-injection","006","rec00749"
"JP10-invivo-14scan-phase1-injection_007_rec00749.jpg","JP10","invivo","14scan","phase1-injection","007","rec00749"
"JP10-invivo-14scan-phase1-injection_008_rec00749.jpg","JP10","invivo","14scan","phase1-injection","008","rec00749"
"JP10-invivo-14scan-phase1-injection_009_rec00749.jpg","JP10","invivo","14scan","phase1-injection","009","rec00749"
"JP10-invivo-14scan-phase1-injection_010_rec00749.jpg","JP10","invivo","14scan","phase1-injection","010","rec00749"
"JP10-invivo-14scan-phase1-injection_011_rec00749.jpg","JP10","invivo","14scan","phase1-injection","011","rec00749"
"JP10-invivo-14scan-phase1-injection_012_rec00749.jpg","JP10","invivo","14scan","phase1-injection","012","rec00749"
"JP10-invivo-14scan-phase1-injection_013_rec00749.jpg","JP10","invivo","14scan","phase1-injection","013","rec00749"
"JP10-invivo-14scan-phase1-injection_014_rec00749.jpg","JP10","invivo","14scan","phase1-injection","014","rec00749"
"JP10-invivo-1prescan-brain_rec00749.jpg","JP10","invivo","1prescan","brain","","rec00749"
"JP10-invivo-1prescan-h1-bulbs_rec00749.jpg","JP10","invivo","1prescan","h1-bulbs","","rec00749"
"JP10-invivo-1prescan-h2-spine_rec00749.jpg","JP10","invivo","1prescan","h2-spine","","rec00749"
"JP10-invivo-5scan-phase2-maintain_001_rec00749.jpg","JP10","invivo","5scan","phase2-maintain","001","rec00749"
"JP10-invivo-5scan-phase2-maintain_002_rec00749.jpg","JP10","invivo","5scan","phase2-maintain","002","rec00749"
"JP10-invivo-5scan-phase2-maintain_003_rec00749.jpg","JP10","invivo","5scan","phase2-maintain","003","rec00749"
"JP10-invivo-5scan-phase2-maintain_004_rec00749.jpg","JP10","invivo","5scan","phase2-maintain","004","rec00749"
"JP10-invivo-5scan-phase2-maintain_005_rec00749.jpg","JP10","invivo","5scan","phase2-maintain","005","rec00749"
"JP10-invivo-5scan-phase2-maintain2_001_rec00749.jpg","JP10","invivo","5scan","phase2-maintain2","001","rec00749"
"JP10-invivo-5scan-phase2-maintain2_002_rec00749.jpg","JP10","invivo","5scan","phase2-maintain2","002","rec00749"
"JP10-invivo-5scan-phase2-maintain2_003_rec00749.jpg","JP10","invivo","5scan","phase2-maintain2","003","rec00749"
"JP10-invivo-5scan-phase2-maintain2_004_rec00749.jpg","JP10","invivo","5scan","phase2-maintain2","004","rec00749"
"JP10-invivo-5scan-phase2-maintain2_005_rec00749.jpg","JP10","invivo","5scan","phase2-maintain2","005","rec00749"
"JP11-dying-10scan-phase1-injection_001_rec00749.jpg","JP11","dying","10scan","phase1-injection","001","rec00749"
"JP11-dying-10scan-phase1-injection_002_rec00749.jpg","JP11","dying","10scan","phase1-injection","002","rec00749"
"JP11-dying-10scan-phase1-injection_003_rec00749.jpg","JP11","dying","10scan","phase1-injection","003","rec00749"
"JP11-dying-10scan-phase1-injection_004_rec00749.jpg","JP11","dying","10scan","phase1-injection","004","rec00749"
"JP11-dying-10scan-phase1-injection_005_rec00749.jpg","JP11","dying","10scan","phase1-injection","005","rec00749"
"JP11-dying-10scan-phase1-injection_006_rec00749.jpg","JP11","dying","10scan","phase1-injection","006","rec00749"
"JP11-dying-10scan-phase1-injection_007_rec00749.jpg","JP11","dying","10scan","phase1-injection","007","rec00749"
"JP11-dying-10scan-phase1-injection_008_rec00749.jpg","JP11","dying","10scan","phase1-injection","008","rec00749"
"JP11-dying-10scan-phase1-injection_009_rec00749.jpg","JP11","dying","10scan","phase1-injection","009","rec00749"
"JP11-dying-10scan-phase1-injection_010_rec00749.jpg","JP11","dying","10scan","phase1-injection","010","rec00749"
"JP12-dying-10scan-phase1-injection_001_rec00749.jpg","JP12","dying","10scan","phase1-injection","001","rec00749"
"JP12-dying-10scan-phase1-injection_002_rec00749.jpg","JP12","dying","10scan","phase1-injection","002","rec00749"
"JP12-dying-10scan-phase1-injection_003_rec00749.jpg","JP12","dying","10scan","phase1-injection","003","rec00749"
"JP12-dying-10scan-phase1-injection_004_rec00749.jpg","JP12","dying","10scan","phase1-injection","004","rec00749"
"JP12-dying-10scan-phase1-injection_005_rec00749.jpg","JP12","dying","10scan","phase1-injection","005","rec00749"
"JP12-dying-10scan-phase1-injection_006_rec00749.jpg","JP12","dying","10scan","phase1-injection","006","rec00749"
"JP12-dying-10scan-phase1-injection_007_rec00749.jpg","JP12","dying","10scan","phase1-injection","007","rec00749"
"JP12-dying-10scan-phase1-injection_008_rec00749.jpg","JP12","dying","10scan","phase1-injection","008","rec00749"
"JP12-dying-10scan-phase1-injection_009_rec00749.jpg","JP12","dying","10scan","phase1-injection","009","rec00749"
"JP12-dying-10scan-phase1-injection_010_rec00749.jpg","JP12","dying","10scan","phase1-injection","010","rec00749"
"JP12-dying-10scan-phase2-injection_001_rec00749.jpg","JP12","dying","10scan","phase2-injection","001","rec00749"
"JP12-dying-10scan-phase2-injection_002_rec00749.jpg","JP12","dying","10scan","phase2-injection","002","rec00749"
"JP12-dying-10scan-phase2-injection_003_rec00749.jpg","JP12","dying","10scan","phase2-injection","003","rec00749"
"JP12-dying-10scan-phase2-injection_004_rec00749.jpg","JP12","dying","10scan","phase2-injection","004","rec00749"
"JP12-dying-10scan-phase2-injection_005_rec00749.jpg","JP12","dying","10scan","phase2-injection","005","rec00749"
"JP12-dying-10scan-phase2-injection_006_rec00749.jpg","JP12","dying","10scan","phase2-injection","006","rec00749"
"JP12-dying-10scan-phase2-injection_007_rec00749.jpg","JP12","dying","10scan","phase2-injection","007","rec00749"
"JP12-dying-10scan-phase2-injection_008_rec00749.jpg","JP12","dying","10scan","phase2-injection","008","rec00749"
"JP12-dying-10scan-phase2-injection_009_rec00749.jpg","JP12","dying","10scan","phase2-injection","009","rec00749"
"JP12-dying-10scan-phase2-injection_010_rec00749.jpg","JP12","dying","10scan","phase2-injection","010","rec00749"
"JP13-dead-14scan-phase4-maintain_001_rec00749.jpg","JP13","dead","14scan","phase4-maintain","001","rec00749"
"JP13-dead-14scan-phase4-maintain_002_rec00749.jpg","JP13","dead","14scan","phase4-maintain","002","rec00749"
"JP13-dead-14scan-phase4-maintain_003_rec00749.jpg","JP13","dead","14scan","phase4-maintain","003","rec00749"
"JP13-dead-14scan-phase4-maintain_004_rec00749.jpg","JP13","dead","14scan","phase4-maintain","004","rec00749"
"JP13-dead-14scan-phase4-maintain_005_rec00749.jpg","JP13","dead","14scan","phase4-maintain","005","rec00749"
"JP13-dead-14scan-phase4-maintain_006_rec00749.jpg","JP13","dead","14scan","phase4-maintain","006","rec00749"
"JP13-dead-14scan-phase4-maintain_007_rec00749.jpg","JP13","dead","14scan","phase4-maintain","007","rec00749"
"JP13-dead-14scan-phase4-maintain_008_rec00749.jpg","JP13","dead","14scan","phase4-maintain","008","rec00749"
"JP13-dead-14scan-phase4-maintain_009_rec00749.jpg","JP13","dead","14scan","phase4-maintain","009","rec00749"
"JP13-dead-14scan-phase4-maintain_010_rec00749.jpg","JP13","dead","14scan","phase4-maintain","010","rec00749"
"JP13-dead-14scan-phase4-maintain_011_rec00749.jpg","JP13","dead","14scan","phase4-maintain","011","rec00749"
"JP13-dead-14scan-phase4-maintain_012_rec00749.jpg","JP13","dead","14scan","phase4-maintain","012","rec00749"
"JP13-dead-14scan-phase4-maintain_013_rec00749.jpg","JP13","dead","14scan","phase4-maintain","013","rec00749"
"JP13-dead-14scan-phase4-maintain_014_rec00749.jpg","JP13","dead","14scan","phase4-maintain","014","rec00749"
"JP13-invivo-10scan-phase2-maintain_001_rec00749.jpg","JP13","invivo","10scan","phase2-maintain","001","rec00749"
"JP13-invivo-10scan-phase2-maintain_002_rec00749.jpg","JP13","invivo","10scan","phase2-maintain","002","rec00749"
"JP13-invivo-10scan-phase2-maintain_003_rec00749.jpg","JP13","invivo","10scan","phase2-maintain","003","rec00749"
"JP13-invivo-10scan-phase2-maintain_004_rec00749.jpg","JP13","invivo","10scan","phase2-maintain","004","rec00749"
"JP13-invivo-10scan-phase2-maintain_005_rec00749.jpg","JP13","invivo","10scan","phase2-maintain","005","rec00749"
"JP13-invivo-10scan-phase2-maintain_006_rec00749.jpg","JP13","invivo","10scan","phase2-maintain","006","rec00749"
"JP13-invivo-10scan-phase2-maintain_007_rec00749.jpg","JP13","invivo","10scan","phase2-maintain","007","rec00749"
"JP13-invivo-10scan-phase2-maintain_008_rec00749.jpg","JP13","invivo","10scan","phase2-maintain","008","rec00749"
"JP13-invivo-10scan-phase2-maintain_009_rec00749.jpg","JP13","invivo","10scan","phase2-maintain","009","rec00749"
"JP13-invivo-10scan-phase2-maintain_010_rec00749.jpg","JP13","invivo","10scan","phase2-maintain","010","rec00749"
"JP13-invivo-10scan-phase2-maintain2_001_rec00749.jpg","JP13","invivo","10scan","phase2-maintain2","001","rec00749"
"JP13-invivo-10scan-phase2-maintain2_002_rec00749.jpg","JP13","invivo","10scan","phase2-maintain2","002","rec00749"
"JP13-invivo-10scan-phase2-maintain2_003_rec00749.jpg","JP13","invivo","10scan","phase2-maintain2","003","rec00749"
"JP13-invivo-10scan-phase2-maintain2_004_rec00749.jpg","JP13","invivo","10scan","phase2-maintain2","004","rec00749"
"JP13-invivo-10scan-phase2-maintain2_005_rec00749.jpg","JP13","invivo","10scan","phase2-maintain2","005","rec00749"
"JP13-invivo-10scan-phase2-maintain2_006_rec00749.jpg","JP13","invivo","10scan","phase2-maintain2","006","rec00749"
"JP13-invivo-10scan-phase2-maintain2_007_rec00749.jpg","JP13","invivo","10scan","phase2-maintain2","007","rec00749"
"JP13-invivo-10scan-phase2-maintain2_008_rec00749.jpg","JP13","invivo","10scan","phase2-maintain2","008","rec00749"
"JP13-invivo-10scan-phase2-maintain2_009_rec00749.jpg","JP13","invivo","10scan","phase2-maintain2","009","rec00749"
"JP13-invivo-10scan-phase2-maintain3_001_rec00749.jpg","JP13","invivo","10scan","phase2-maintain3","001","rec00749"
"JP13-invivo-10scan-phase2-maintain3_002_rec00749.jpg","JP13","invivo","10scan","phase2-maintain3","002","rec00749"
"JP13-invivo-10scan-phase2-maintain3_003_rec00749.jpg","JP13","invivo","10scan","phase2-maintain3","003","rec00749"
"JP13-invivo-10scan-phase2-maintain3_004_rec00749.jpg","JP13","invivo","10scan","phase2-maintain3","004","rec00749"
"JP13-invivo-10scan-phase2-maintain3_005_rec00749.jpg","JP13","invivo","10scan","phase2-maintain3","005","rec00749"
"JP13-invivo-10scan-phase2-maintain3_006_rec00749.jpg","JP13","invivo","10scan","phase2-maintain3","006","rec00749"
"JP13-invivo-10scan-phase2-maintain3_007_rec00749.jpg","JP13","invivo","10scan","phase2-maintain3","007","rec00749"
"JP13-invivo-10scan-phase2-maintain3_008_rec00749.jpg","JP13","invivo","10scan","phase2-maintain3","008","rec00749"
"JP13-invivo-10scan-phase2-maintain3_009_rec00749.jpg","JP13","invivo","10scan","phase2-maintain3","009","rec00749"
"JP13-invivo-10scan-phase2-maintain3_010_rec00749.jpg","JP13","invivo","10scan","phase2-maintain3","010","rec00749"
"JP13-invivo-14scan-phase1-injection_001_rec00749.jpg","JP13","invivo","14scan","phase1-injection","001","rec00749"
"JP13-invivo-14scan-phase1-injection_002_rec00749.jpg","JP13","invivo","14scan","phase1-injection","002","rec00749"
"JP13-invivo-14scan-phase1-injection_003_rec00749.jpg","JP13","invivo","14scan","phase1-injection","003","rec00749"
"JP13-invivo-14scan-phase1-injection_004_rec00749.jpg","JP13","invivo","14scan","phase1-injection","004","rec00749"
"JP13-invivo-14scan-phase1-injection_005_rec00749.jpg","JP13","invivo","14scan","phase1-injection","005","rec00749"
"JP13-invivo-14scan-phase1-injection_006_rec00749.jpg","JP13","invivo","14scan","phase1-injection","006","rec00749"
"JP13-invivo-14scan-phase1-injection_007_rec00749.jpg","JP13","invivo","14scan","phase1-injection","007","rec00749"
"JP13-invivo-14scan-phase1-injection_008_rec00749.jpg","JP13","invivo","14scan","phase1-injection","008","rec00749"
"JP13-invivo-14scan-phase1-injection_009_rec00749.jpg","JP13","invivo","14scan","phase1-injection","009","rec00749"
"JP13-invivo-14scan-phase1-injection_010_rec00749.jpg","JP13","invivo","14scan","phase1-injection","010","rec00749"
"JP13-invivo-14scan-phase1-injection_011_rec00749.jpg","JP13","invivo","14scan","phase1-injection","011","rec00749"
"JP13-invivo-14scan-phase1-injection_012_rec00749.jpg","JP13","invivo","14scan","phase1-injection","012","rec00749"
"JP13-invivo-14scan-phase1-injection_013_rec00749.jpg","JP13","invivo","14scan","phase1-injection","013","rec00749"
"JP13-invivo-14scan-phase1-injection_014_rec00749.jpg","JP13","invivo","14scan","phase1-injection","014","rec00749"
"JP13-invivo-14scan-phase3-injection_001_rec00749.jpg","JP13","invivo","14scan","phase3-injection","001","rec00749"
"JP13-invivo-14scan-phase3-injection_002_rec00749.jpg","JP13","invivo","14scan","phase3-injection","002","rec00749"
"JP13-invivo-14scan-phase3-injection_003_rec00749.jpg","JP13","invivo","14scan","phase3-injection","003","rec00749"
"JP13-invivo-14scan-phase3-injection_004_rec00749.jpg","JP13","invivo","14scan","phase3-injection","004","rec00749"
"JP13-invivo-14scan-phase3-injection_005_rec00749.jpg","JP13","invivo","14scan","phase3-injection","005","rec00749"
"JP13-invivo-14scan-phase3-injection_006_rec00749.jpg","JP13","invivo","14scan","phase3-injection","006","rec00749"
"JP13-invivo-14scan-phase3-injection_007_rec00749.jpg","JP13","invivo","14scan","phase3-injection","007","rec00749"
"JP13-invivo-14scan-phase3-injection_008_rec00749.jpg","JP13","invivo","14scan","phase3-injection","008","rec00749"
"JP13-invivo-14scan-phase3-injection_009_rec00749.jpg","JP13","invivo","14scan","phase3-injection","009","rec00749"
"JP13-invivo-14scan-phase3-injection_010_rec00749.jpg","JP13","invivo","14scan","phase3-injection","010","rec00749"
"JP13-invivo-14scan-phase3-injection_011_rec00749.jpg","JP13","invivo","14scan","phase3-injection","011","rec00749"
"JP13-invivo-14scan-phase3-injection_012_rec00749.jpg","JP13","invivo","14scan","phase3-injection","012","rec00749"
"JP13-invivo-14scan-phase3-injection_013_rec00749.jpg","JP13","invivo","14scan","phase3-injection","013","rec00749"
"JP13-invivo-14scan-phase3-injection_014_rec00749.jpg","JP13","invivo","14scan","phase3-injection","014","rec00749"
"JP13-invivo-1prescan-h2-spine_rec00749.jpg","JP13","invivo","1prescan","h2-spine","","rec00749"
"JP14-dead-10scan-phase3-injection_001_rec00749.jpg","JP14","dead","10scan","phase3-injection","001","rec00749"
"JP14-dead-10scan-phase3-injection_002_rec00749.jpg","JP14","dead","10scan","phase3-injection","002","rec00749"
"JP14-dead-10scan-phase3-injection_003_rec00749.jpg","JP14","dead","10scan","phase3-injection","003","rec00749"
"JP14-dead-10scan-phase3-injection_004_rec00749.jpg","JP14","dead","10scan","phase3-injection","004","rec00749"
"JP14-dead-10scan-phase3-injection_005_rec00749.jpg","JP14","dead","10scan","phase3-injection","005","rec00749"
"JP14-dead-10scan-phase3-injection_006_rec00749.jpg","JP14","dead","10scan","phase3-injection","006","rec00749"
"JP14-dead-10scan-phase3-injection_007_rec00749.jpg","JP14","dead","10scan","phase3-injection","007","rec00749"
"JP14-dead-10scan-phase3-injection_008_rec00749.jpg","JP14","dead","10scan","phase3-injection","008","rec00749"
"JP14-dead-10scan-phase3-injection_009_rec00749.jpg","JP14","dead","10scan","phase3-injection","009","rec00749"
"JP14-dead-10scan-phase3-injection_010_rec00749.jpg","JP14","dead","10scan","phase3-injection","010","rec00749"
"JP14-invivo-10scan-phase2-maintain2_001_rec00749.jpg","JP14","invivo","10scan","phase2-maintain2","001","rec00749"
"JP14-invivo-10scan-phase2-maintain2_002_rec00749.jpg","JP14","invivo","10scan","phase2-maintain2","002","rec00749"
"JP14-invivo-10scan-phase2-maintain2_003_rec00749.jpg","JP14","invivo","10scan","phase2-maintain2","003","rec00749"
"JP14-invivo-10scan-phase2-maintain2_004_rec00749.jpg","JP14","invivo","10scan","phase2-maintain2","004","rec00749"
"JP14-invivo-10scan-phase2-maintain2_005_rec00749.jpg","JP14","invivo","10scan","phase2-maintain2","005","rec00749"
"JP14-invivo-10scan-phase2-maintain2_006_rec00749.jpg","JP14","invivo","10scan","phase2-maintain2","006","rec00749"
"JP14-invivo-10scan-phase2-maintain2_007_rec00749.jpg","JP14","invivo","10scan","phase2-maintain2","007","rec00749"
"JP14-invivo-10scan-phase2-maintain2_008_rec00749.jpg","JP14","invivo","10scan","phase2-maintain2","008","rec00749"
"JP14-invivo-10scan-phase2-maintain2_009_rec00749.jpg","JP14","invivo","10scan","phase2-maintain2","009","rec00749"
"JP14-invivo-10scan-phase2-maintain2_010_rec00749.jpg","JP14","invivo","10scan","phase2-maintain2","010","rec00749"
"JP14-invivo-14scan-phase1-injection_001_rec00749.jpg","JP14","invivo","14scan","phase1-injection","001","rec00749"
"JP14-invivo-14scan-phase1-injection_002_rec00749.jpg","JP14","invivo","14scan","phase1-injection","002","rec00749"
"JP14-invivo-14scan-phase1-injection_003_rec00749.jpg","JP14","invivo","14scan","phase1-injection","003","rec00749"
"JP14-invivo-14scan-phase1-injection_004_rec00749.jpg","JP14","invivo","14scan","phase1-injection","004","rec00749"
"JP14-invivo-14scan-phase1-injection_005_rec00749.jpg","JP14","invivo","14scan","phase1-injection","005","rec00749"
"JP14-invivo-14scan-phase1-injection_006_rec00749.jpg","JP14","invivo","14scan","phase1-injection","006","rec00749"
"JP14-invivo-14scan-phase1-injection_007_rec00749.jpg","JP14","invivo","14scan","phase1-injection","007","rec00749"
"JP14-invivo-14scan-phase1-injection_008_rec00749.jpg","JP14","invivo","14scan","phase1-injection","008","rec00749"
"JP14-invivo-14scan-phase1-injection_009_rec00749.jpg","JP14","invivo","14scan","phase1-injection","009","rec00749"
"JP14-invivo-14scan-phase1-injection_010_rec00749.jpg","JP14","invivo","14scan","phase1-injection","010","rec00749"
"JP14-invivo-14scan-phase1-injection_011_rec00749.jpg","JP14","invivo","14scan","phase1-injection","011","rec00749"
"JP14-invivo-14scan-phase1-injection_012_rec00749.jpg","JP14","invivo","14scan","phase1-injection","012","rec00749"
"JP14-invivo-14scan-phase1-injection_013_rec00749.jpg","JP14","invivo","14scan","phase1-injection","013","rec00749"
"JP14-invivo-14scan-phase1-injection_014_rec00749.jpg","JP14","invivo","14scan","phase1-injection","014","rec00749"
"JP14-invivo-1prescan-h2-spine_rec00749.jpg","JP14","invivo","1prescan","h2-spine","","rec00749"
"JP14-invivo-55scan-phase2-maintain_001_rec00749.jpg","JP14","invivo","55scan","phase2-maintain","001","rec00749"
"JP14-invivo-55scan-phase2-maintain_002_rec00749.jpg","JP14","invivo","55scan","phase2-maintain","002","rec00749"
"JP14-invivo-55scan-phase2-maintain_003_rec00749.jpg","JP14","invivo","55scan","phase2-maintain","003","rec00749"
"JP14-invivo-55scan-phase2-maintain_004_rec00749.jpg","JP14","invivo","55scan","phase2-maintain","004","rec00749"
"JP14-invivo-55scan-phase2-maintain_005_rec00749.jpg","JP14","invivo","55scan","phase2-maintain","005","rec00749"
"JP14-invivo-55scan-phase2-maintain_006_rec00749.jpg","JP14","invivo","55scan","phase2-maintain","006","rec00749"
"JP14-invivo-55scan-phase2-maintain_007_rec00749.jpg","JP14","invivo","55scan","phase2-maintain","007","rec00749"
"JP14-invivo-55scan-phase2-maintain_008_rec00749.jpg","JP14","invivo","55scan","phase2-maintain","008","rec00749"
"JP14-invivo-55scan-phase2-maintain_009_rec00749.jpg","JP14","invivo","55scan","phase2-maintain","009","rec00749"
"JP14-invivo-55scan-phase2-maintain_010_rec00749.jpg","JP14","invivo","55scan","phase2-maintain","010","rec00749"
"JP14-invivo-55scan-phase2-maintain_011_rec00749.jpg","JP14","invivo","55scan","phase2-maintain","011","rec00749"
"JP14-invivo-55scan-phase2-maintain_012_rec00749.jpg","JP14","invivo","55scan","phase2-maintain","012","rec00749"
"JP14-invivo-55scan-phase2-maintain_013_rec00749.jpg","JP14","invivo","55scan","phase2-maintain","013","rec00749"
"JP14-invivo-55scan-phase2-maintain_014_rec00749.jpg","JP14","invivo","55scan","phase2-maintain","014","rec00749"
"JP14-invivo-55scan-phase2-maintain_015_rec00749.jpg","JP14","invivo","55scan","phase2-maintain","015","rec00749"
"JP14-invivo-55scan-phase2-maintain_016_rec00749.jpg","JP14","invivo","55scan","phase2-maintain","016","rec00749"
"JP14-invivo-55scan-phase2-maintain_017_rec00749.jpg","JP14","invivo","55scan","phase2-maintain","017","rec00749"
"JP14-invivo-55scan-phase2-maintain_018_rec00749.jpg","JP14","invivo","55scan","phase2-maintain","018","rec00749"
"JP14-invivo-55scan-phase2-maintain_019_rec00749.jpg","JP14","invivo","55scan","phase2-maintain","019","rec00749"
"JP14-invivo-55scan-phase2-maintain_020_rec00749.jpg","JP14","invivo","55scan","phase2-maintain","020","rec00749"
"JP14-invivo-55scan-phase2-maintain_021_rec00749.jpg","JP14","invivo","55scan","phase2-maintain","021","rec00749"
"JP14-invivo-55scan-phase2-maintain_022_rec00749.jpg","JP14","invivo","55scan","phase2-maintain","022","rec00749"
"JP14-invivo-55scan-phase2-maintain_023_rec00749.jpg","JP14","invivo","55scan","phase2-maintain","023","rec00749"
"JP14-invivo-55scan-phase2-maintain_024_rec00749.jpg","JP14","invivo","55scan","phase2-maintain","024","rec00749"
"JP14-invivo-55scan-phase2-maintain_025_rec00749.jpg","JP14","invivo","55scan","phase2-maintain","025","rec00749"
"JP14-invivo-55scan-phase2-maintain_026_rec00749.jpg","JP14","invivo","55scan","phase2-maintain","026","rec00749"
"JP14-invivo-55scan-phase2-maintain_027_rec00749.jpg","JP14","invivo","55scan","phase2-maintain","027","rec00749"
"JP14-invivo-55scan-phase2-maintain_028_rec00749.jpg","JP14","invivo","55scan","phase2-maintain","028","rec00749"
"JP14-invivo-55scan-phase2-maintain_029_rec00749.jpg","JP14","invivo","55scan","phase2-maintain","029","rec00749"
"JP14-invivo-55scan-phase2-maintain_030_rec00749.jpg","JP14","invivo","55scan","phase2-maintain","030","rec00749"
"JP14-invivo-55scan-phase2-maintain_031_rec00749.jpg","JP14","invivo","55scan","phase2-maintain","031","rec00749"
"JP14-invivo-55scan-phase2-maintain_032_rec00749.jpg","JP14","invivo","55scan","phase2-maintain","032","rec00749"
"JP14-invivo-55scan-phase2-maintain_033_rec00749.jpg","JP14","invivo","55scan","phase2-maintain","033","rec00749"
"JP14-invivo-55scan-phase2-maintain_034_rec00749.jpg","JP14","invivo","55scan","phase2-maintain","034","rec00749"
"JP14-invivo-55scan-phase2-maintain_035_rec00749.jpg","JP14","invivo","55scan","phase2-maintain","035","rec00749"
"JP14-invivo-55scan-phase2-maintain_036_rec00749.jpg","JP14","invivo","55scan","phase2-maintain","036","rec00749"
"JP14-invivo-55scan-phase2-maintain_037_rec00749.jpg","JP14","invivo","55scan","phase2-maintain","037","rec00749"
"JP14-invivo-55scan-phase2-maintain_038_rec00749.jpg","JP14","invivo","55scan","phase2-maintain","038","rec00749"
"JP14-invivo-55scan-phase2-maintain_039_rec00749.jpg","JP14","invivo","55scan","phase2-maintain","039","rec00749"
"JP14-invivo-55scan-phase2-maintain_040_rec00749.jpg","JP14","invivo","55scan","phase2-maintain","040","rec00749"
"JP14-invivo-55scan-phase2-maintain_041_rec00749.jpg","JP14","invivo","55scan","phase2-maintain","041","rec00749"
"JP14-invivo-55scan-phase2-maintain_042_rec00749.jpg","JP14","invivo","55scan","phase2-maintain","042","rec00749"
"JP14-invivo-55scan-phase2-maintain_043_rec00749.jpg","JP14","invivo","55scan","phase2-maintain","043","rec00749"
"JP14-invivo-55scan-phase2-maintain_044_rec00749.jpg","JP14","invivo","55scan","phase2-maintain","044","rec00749"
"JP14-invivo-55scan-phase2-maintain_045_rec00749.jpg","JP14","invivo","55scan","phase2-maintain","045","rec00749"
"JP14-invivo-55scan-phase2-maintain_046_rec00749.jpg","JP14","invivo","55scan","phase2-maintain","046","rec00749"
"JP14-invivo-55scan-phase2-maintain_047_rec00749.jpg","JP14","invivo","55scan","phase2-maintain","047","rec00749"
"JP14-invivo-55scan-phase2-maintain_048_rec00749.jpg","JP14","invivo","55scan","phase2-maintain","048","rec00749"
"JP14-invivo-55scan-phase2-maintain_049_rec00749.jpg","JP14","invivo","55scan","phase2-maintain","049","rec00749"
"JP14-invivo-55scan-phase2-maintain_050_rec00749.jpg","JP14","invivo","55scan","phase2-maintain","050","rec00749"
"JP14-invivo-55scan-phase2-maintain_051_rec00749.jpg","JP14","invivo","55scan","phase2-maintain","051","rec00749"
"JP14-invivo-55scan-phase2-maintain_052_rec00749.jpg","JP14","invivo","55scan","phase2-maintain","052","rec00749"
"JP14-invivo-55scan-phase2-maintain_053_rec00749.jpg","JP14","invivo","55scan","phase2-maintain","053","rec00749"
"JP14-invivo-55scan-phase2-maintain_054_rec00749.jpg","JP14","invivo","55scan","phase2-maintain","054","rec00749"
"JP14-invivo-55scan-phase2-maintain_055_rec00749.jpg","JP14","invivo","55scan","phase2-maintain","055","rec00749"
"JP15-invivo-10scan-phase1-injection_001_rec00749.jpg","JP15","invivo","10scan","phase1-injection","001","rec00749"
"JP15-invivo-10scan-phase1-injection_002_rec00749.jpg","JP15","invivo","10scan","phase1-injection","002","rec00749"
"JP15-invivo-10scan-phase1-injection_003_rec00749.jpg","JP15","invivo","10scan","phase1-injection","003","rec00749"
"JP15-invivo-10scan-phase1-injection_004_rec00749.jpg","JP15","invivo","10scan","phase1-injection","004","rec00749"
"JP15-invivo-10scan-phase1-injection_005_rec00749.jpg","JP15","invivo","10scan","phase1-injection","005","rec00749"
"JP15-invivo-10scan-phase1-injection_006_rec00749.jpg","JP15","invivo","10scan","phase1-injection","006","rec00749"
"JP15-invivo-10scan-phase1-injection_007_rec00749.jpg","JP15","invivo","10scan","phase1-injection","007","rec00749"
"JP15-invivo-10scan-phase1-injection_008_rec00749.jpg","JP15","invivo","10scan","phase1-injection","008","rec00749"
"JP15-invivo-10scan-phase1-injection_009_rec00749.jpg","JP15","invivo","10scan","phase1-injection","009","rec00749"
"JP15-invivo-10scan-phase1-injection_010_rec00749.jpg","JP15","invivo","10scan","phase1-injection","010","rec00749"
"JP15-invivo-10scan-phase2-maintain_001_rec00749.jpg","JP15","invivo","10scan","phase2-maintain","001","rec00749"
"JP15-invivo-10scan-phase2-maintain_002_rec00749.jpg","JP15","invivo","10scan","phase2-maintain","002","rec00749"
"JP15-invivo-10scan-phase2-maintain_003_rec00749.jpg","JP15","invivo","10scan","phase2-maintain","003","rec00749"
"JP15-invivo-10scan-phase2-maintain_004_rec00749.jpg","JP15","invivo","10scan","phase2-maintain","004","rec00749"
"JP15-invivo-10scan-phase2-maintain_005_rec00749.jpg","JP15","invivo","10scan","phase2-maintain","005","rec00749"
"JP15-invivo-10scan-phase2-maintain_006_rec00749.jpg","JP15","invivo","10scan","phase2-maintain","006","rec00749"
"JP15-invivo-10scan-phase2-maintain_007_rec00749.jpg","JP15","invivo","10scan","phase2-maintain","007","rec00749"
"JP15-invivo-10scan-phase2-maintain_008_rec00749.jpg","JP15","invivo","10scan","phase2-maintain","008","rec00749"
"JP15-invivo-10scan-phase2-maintain_009_rec00749.jpg","JP15","invivo","10scan","phase2-maintain","009","rec00749"
"JP15-invivo-10scan-phase2-maintain_010_rec00749.jpg","JP15","invivo","10scan","phase2-maintain","010","rec00749"
"JP15-invivo-10scan-phase3-injection_001_rec00749.jpg","JP15","invivo","10scan","phase3-injection","001","rec00749"
"JP15-invivo-10scan-phase3-injection_002_rec00749.jpg","JP15","invivo","10scan","phase3-injection","002","rec00749"
"JP15-invivo-10scan-phase3-injection_003_rec00749.jpg","JP15","invivo","10scan","phase3-injection","003","rec00749"
"JP15-invivo-10scan-phase3-injection_004_rec00749.jpg","JP15","invivo","10scan","phase3-injection","004","rec00749"
"JP15-invivo-10scan-phase3-injection_005_rec00749.jpg","JP15","invivo","10scan","phase3-injection","005","rec00749"
"JP15-invivo-10scan-phase3-injection_006_rec00749.jpg","JP15","invivo","10scan","phase3-injection","006","rec00749"
"JP15-invivo-10scan-phase3-injection_007_rec00749.jpg","JP15","invivo","10scan","phase3-injection","007","rec00749"
"JP15-invivo-10scan-phase3-injection_008_rec00749.jpg","JP15","invivo","10scan","phase3-injection","008","rec00749"
"JP15-invivo-10scan-phase3-injection_009_rec00749.jpg","JP15","invivo","10scan","phase3-injection","009","rec00749"
"JP15-invivo-10scan-phase3-injection_010_rec00749.jpg","JP15","invivo","10scan","phase3-injection","010","rec00749"
"JP15-invivo-1prescan-h1-bulbs_rec00749.jpg","JP15","invivo","1prescan","h1-bulbs","","rec00749"
"JP15-invivo-1prescan-h2-spine_rec00749.jpg","JP15","invivo","1prescan","h2-spine","","rec00749"
"JP15-invivo-20scan-phase4-maintain_001_rec00749.jpg","JP15","invivo","20scan","phase4-maintain","001","rec00749"
"JP15-invivo-20scan-phase4-maintain_002_rec00749.jpg","JP15","invivo","20scan","phase4-maintain","002","rec00749"
"JP15-invivo-20scan-phase4-maintain_003_rec00749.jpg","JP15","invivo","20scan","phase4-maintain","003","rec00749"
"JP15-invivo-20scan-phase4-maintain_004_rec00749.jpg","JP15","invivo","20scan","phase4-maintain","004","rec00749"
"JP15-invivo-20scan-phase4-maintain_005_rec00749.jpg","JP15","invivo","20scan","phase4-maintain","005","rec00749"
"JP15-invivo-20scan-phase4-maintain_006_rec00749.jpg","JP15","invivo","20scan","phase4-maintain","006","rec00749"
"JP15-invivo-20scan-phase4-maintain_007_rec00749.jpg","JP15","invivo","20scan","phase4-maintain","007","rec00749"
"JP15-invivo-20scan-phase4-maintain_008_rec00749.jpg","JP15","invivo","20scan","phase4-maintain","008","rec00749"
"JP15-invivo-20scan-phase4-maintain_009_rec00749.jpg","JP15","invivo","20scan","phase4-maintain","009","rec00749"
"JP15-invivo-20scan-phase4-maintain_010_rec00749.jpg","JP15","invivo","20scan","phase4-maintain","010","rec00749"
"JP15-invivo-20scan-phase4-maintain_011_rec00749.jpg","JP15","invivo","20scan","phase4-maintain","011","rec00749"
"JP15-invivo-20scan-phase4-maintain_012_rec00749.jpg","JP15","invivo","20scan","phase4-maintain","012","rec00749"
"JP15-invivo-20scan-phase4-maintain_013_rec00749.jpg","JP15","invivo","20scan","phase4-maintain","013","rec00749"
"JP15-invivo-20scan-phase4-maintain_014_rec00749.jpg","JP15","invivo","20scan","phase4-maintain","014","rec00749"
"JP15-invivo-20scan-phase4-maintain_015_rec00749.jpg","JP15","invivo","20scan","phase4-maintain","015","rec00749"
"JP15-invivo-20scan-phase4-maintain_016_rec00749.jpg","JP15","invivo","20scan","phase4-maintain","016","rec00749"
"JP15-invivo-20scan-phase4-maintain_017_rec00749.jpg","JP15","invivo","20scan","phase4-maintain","017","rec00749"
"JP15-invivo-20scan-phase4-maintain_018_rec00749.jpg","JP15","invivo","20scan","phase4-maintain","018","rec00749"
"JP15-invivo-20scan-phase4-maintain_019_rec00749.jpg","JP15","invivo","20scan","phase4-maintain","019","rec00749"
"JP15-invivo-20scan-phase4-maintain_020_rec00749.jpg","JP15","invivo","20scan","phase4-maintain","020","rec00749"
"JP15-invivo-30scan-phase4-maintain2_001_rec00749.jpg","JP15","invivo","30scan","phase4-maintain2","001","rec00749"
"JP15-invivo-30scan-phase4-maintain2_002_rec00749.jpg","JP15","invivo","30scan","phase4-maintain2","002","rec00749"
"JP15-invivo-30scan-phase4-maintain2_003_rec00749.jpg","JP15","invivo","30scan","phase4-maintain2","003","rec00749"
"JP15-invivo-30scan-phase4-maintain2_004_rec00749.jpg","JP15","invivo","30scan","phase4-maintain2","004","rec00749"
"JP15-invivo-30scan-phase4-maintain2_005_rec00749.jpg","JP15","invivo","30scan","phase4-maintain2","005","rec00749"
"JP15-invivo-30scan-phase4-maintain2_006_rec00749.jpg","JP15","invivo","30scan","phase4-maintain2","006","rec00749"
"JP15-invivo-30scan-phase4-maintain2_007_rec00749.jpg","JP15","invivo","30scan","phase4-maintain2","007","rec00749"
"JP15-invivo-30scan-phase4-maintain2_008_rec00749.jpg","JP15","invivo","30scan","phase4-maintain2","008","rec00749"
"JP15-invivo-30scan-phase4-maintain2_009_rec00749.jpg","JP15","invivo","30scan","phase4-maintain2","009","rec00749"
"JP15-invivo-30scan-phase4-maintain2_010_rec00749.jpg","JP15","invivo","30scan","phase4-maintain2","010","rec00749"
"JP15-invivo-30scan-phase4-maintain2_011_rec00749.jpg","JP15","invivo","30scan","phase4-maintain2","011","rec00749"
"JP15-invivo-30scan-phase4-maintain2_012_rec00749.jpg","JP15","invivo","30scan","phase4-maintain2","012","rec00749"
"JP15-invivo-30scan-phase4-maintain2_013_rec00749.jpg","JP15","invivo","30scan","phase4-maintain2","013","rec00749"
"JP15-invivo-30scan-phase4-maintain2_014_rec00749.jpg","JP15","invivo","30scan","phase4-maintain2","014","rec00749"
"JP15-invivo-30scan-phase4-maintain2_015_rec00749.jpg","JP15","invivo","30scan","phase4-maintain2","015","rec00749"
"JP15-invivo-30scan-phase4-maintain2_016_rec00749.jpg","JP15","invivo","30scan","phase4-maintain2","016","rec00749"
"JP15-invivo-30scan-phase4-maintain2_017_rec00749.jpg","JP15","invivo","30scan","phase4-maintain2","017","rec00749"
"JP15-invivo-30scan-phase4-maintain2_018_rec00749.jpg","JP15","invivo","30scan","phase4-maintain2","018","rec00749"
"JP15-invivo-30scan-phase4-maintain2_019_rec00749.jpg","JP15","invivo","30scan","phase4-maintain2","019","rec00749"
"JP15-invivo-30scan-phase4-maintain2_020_rec00749.jpg","JP15","invivo","30scan","phase4-maintain2","020","rec00749"
"JP15-invivo-30scan-phase4-maintain2_021_rec00749.jpg","JP15","invivo","30scan","phase4-maintain2","021","rec00749"
"JP15-invivo-30scan-phase4-maintain2_022_rec00749.jpg","JP15","invivo","30scan","phase4-maintain2","022","rec00749"
"JP15-invivo-30scan-phase4-maintain2_023_rec00749.jpg","JP15","invivo","30scan","phase4-maintain2","023","rec00749"
"JP15-invivo-30scan-phase4-maintain2_024_rec00749.jpg","JP15","invivo","30scan","phase4-maintain2","024","rec00749"
"JP15-invivo-30scan-phase4-maintain2_025_rec00749.jpg","JP15","invivo","30scan","phase4-maintain2","025","rec00749"
"JP15-invivo-30scan-phase4-maintain2_026_rec00749.jpg","JP15","invivo","30scan","phase4-maintain2","026","rec00749"
"JP15-invivo-30scan-phase4-maintain2_027_rec00749.jpg","JP15","invivo","30scan","phase4-maintain2","027","rec00749"
"JP15-invivo-30scan-phase4-maintain2_028_rec00749.jpg","JP15","invivo","30scan","phase4-maintain2","028","rec00749"
"JP15-invivo-30scan-phase4-maintain2_029_rec00749.jpg","JP15","invivo","30scan","phase4-maintain2","029","rec00749"
"JP15-invivo-30scan-phase4-maintain2_030_rec00749.jpg","JP15","invivo","30scan","phase4-maintain2","030","rec00749"
"JP16-dead-10scan-phase3-injection_001_rec00749.jpg","JP16","dead","10scan","phase3-injection","001","rec00749"
"JP16-dead-10scan-phase3-injection_002_rec00749.jpg","JP16","dead","10scan","phase3-injection","002","rec00749"
"JP16-dead-10scan-phase3-injection_003_rec00749.jpg","JP16","dead","10scan","phase3-injection","003","rec00749"
"JP16-dead-10scan-phase3-injection_004_rec00749.jpg","JP16","dead","10scan","phase3-injection","004","rec00749"
"JP16-dead-10scan-phase3-injection_005_rec00749.jpg","JP16","dead","10scan","phase3-injection","005","rec00749"
"JP16-dead-10scan-phase3-injection_006_rec00749.jpg","JP16","dead","10scan","phase3-injection","006","rec00749"
"JP16-dead-10scan-phase3-injection_007_rec00749.jpg","JP16","dead","10scan","phase3-injection","007","rec00749"
"JP16-dead-10scan-phase3-injection_008_rec00749.jpg","JP16","dead","10scan","phase3-injection","008","rec00749"
"JP16-dead-10scan-phase3-injection_009_rec00749.jpg","JP16","dead","10scan","phase3-injection","009","rec00749"
"JP16-dead-10scan-phase3-injection_010_rec00749.jpg","JP16","dead","10scan","phase3-injection","010","rec00749"
"JP16-invivo-10scan-phase1-injection_001_rec00749.jpg","JP16","invivo","10scan","phase1-injection","001","rec00749"
"JP16-invivo-10scan-phase1-injection_002_rec00749.jpg","JP16","invivo","10scan","phase1-injection","002","rec00749"
"JP16-invivo-10scan-phase1-injection_003_rec00749.jpg","JP16","invivo","10scan","phase1-injection","003","rec00749"
"JP16-invivo-10scan-phase1-injection_004_rec00749.jpg","JP16","invivo","10scan","phase1-injection","004","rec00749"
"JP16-invivo-10scan-phase1-injection_005_rec00749.jpg","JP16","invivo","10scan","phase1-injection","005","rec00749"
"JP16-invivo-10scan-phase1-injection_006_rec00749.jpg","JP16","invivo","10scan","phase1-injection","006","rec00749"
"JP16-invivo-10scan-phase1-injection_007_rec00749.jpg","JP16","invivo","10scan","phase1-injection","007","rec00749"
"JP16-invivo-10scan-phase1-injection_008_rec00749.jpg","JP16","invivo","10scan","phase1-injection","008","rec00749"
"JP16-invivo-10scan-phase1-injection_009_rec00749.jpg","JP16","invivo","10scan","phase1-injection","009","rec00749"
"JP16-invivo-10scan-phase1-injection_010_rec00749.jpg","JP16","invivo","10scan","phase1-injection","010","rec00749"
"JP16-invivo-1prescan-h1-bulbs_rec00749.jpg","JP16","invivo","1prescan","h1-bulbs","","rec00749"
"JP16-invivo-1prescan-h2-spine_rec00749.jpg","JP16","invivo","1prescan","h2-spine","","rec00749"
"JP17-invivo-10scan-phase1-infusion_001_rec00749.jpg","JP17","invivo","10scan","phase1-infusion","001","rec00749"
"JP17-invivo-10scan-phase1-infusion_002_rec00749.jpg","JP17","invivo","10scan","phase1-infusion","002","rec00749"
"JP17-invivo-10scan-phase1-infusion_003_rec00749.jpg","JP17","invivo","10scan","phase1-infusion","003","rec00749"
"JP17-invivo-10scan-phase1-infusion_004_rec00749.jpg","JP17","invivo","10scan","phase1-infusion","004","rec00749"
"JP17-invivo-10scan-phase1-infusion_005_rec00749.jpg","JP17","invivo","10scan","phase1-infusion","005","rec00749"
"JP17-invivo-10scan-phase1-infusion_006_rec00749.jpg","JP17","invivo","10scan","phase1-infusion","006","rec00749"
"JP17-invivo-10scan-phase1-infusion_007_rec00749.jpg","JP17","invivo","10scan","phase1-infusion","007","rec00749"
"JP17-invivo-10scan-phase1-infusion_008_rec00749.jpg","JP17","invivo","10scan","phase1-infusion","008","rec00749"
"JP17-invivo-10scan-phase1-infusion_009_rec00749.jpg","JP17","invivo","10scan","phase1-infusion","009","rec00749"
"JP17-invivo-10scan-phase1-infusion_010_rec00749.jpg","JP17","invivo","10scan","phase1-infusion","010","rec00749"
"JP17-invivo-1prescan-h1-bulbs_rec00749.jpg","JP17","invivo","1prescan","h1-bulbs","","rec00749"
"JP17-invivo-1prescan-h2-spine_rec00749.jpg","JP17","invivo","1prescan","h2-spine","","rec00749"
"JP18-invivo-10scan-phase1-injection_001_rec00749.jpg","JP18","invivo","10scan","phase1-injection","001","rec00749"
"JP18-invivo-10scan-phase1-injection_002_rec00749.jpg","JP18","invivo","10scan","phase1-injection","002","rec00749"
"JP18-invivo-10scan-phase1-injection_003_rec00749.jpg","JP18","invivo","10scan","phase1-injection","003","rec00749"
"JP18-invivo-10scan-phase1-injection_004_rec00749.jpg","JP18","invivo","10scan","phase1-injection","004","rec00749"
"JP18-invivo-10scan-phase1-injection_005_rec00749.jpg","JP18","invivo","10scan","phase1-injection","005","rec00749"
"JP18-invivo-10scan-phase1-injection_006_rec00749.jpg","JP18","invivo","10scan","phase1-injection","006","rec00749"
"JP18-invivo-10scan-phase1-injection_007_rec00749.jpg","JP18","invivo","10scan","phase1-injection","007","rec00749"
"JP18-invivo-10scan-phase1-injection_008_rec00749.jpg","JP18","invivo","10scan","phase1-injection","008","rec00749"
"JP18-invivo-10scan-phase1-injection_009_rec00749.jpg","JP18","invivo","10scan","phase1-injection","009","rec00749"
"JP18-invivo-10scan-phase1-injection_010_rec00749.jpg","JP18","invivo","10scan","phase1-injection","010","rec00749"
"JP18-invivo-1prescan-h1-bulbs-v2_rec00749.jpg","JP18","invivo","1prescan","h1-bulbs-v2","","rec00749"
"JP18-invivo-1prescan-h1-bulbs_rec00749.jpg","JP18","invivo","1prescan","h1-bulbs","","rec00749"
"JP18-invivo-1prescan-h2-spine_rec00749.jpg","JP18","invivo","1prescan","h2-spine","","rec00749"
"JP19-invivo-10scan-phase1-wait_001_rec00749.jpg","JP19","invivo","10scan","phase1-wait","001","rec00749"
"JP19-invivo-10scan-phase1-wait_002_rec00749.jpg","JP19","invivo","10scan","phase1-wait","002","rec00749"
"JP19-invivo-10scan-phase1-wait_003_rec00749.jpg","JP19","invivo","10scan","phase1-wait","003","rec00749"
"JP19-invivo-10scan-phase1-wait_004_rec00749.jpg","JP19","invivo","10scan","phase1-wait","004","rec00749"
"JP19-invivo-10scan-phase1-wait_005_rec00749.jpg","JP19","invivo","10scan","phase1-wait","005","rec00749"
"JP19-invivo-10scan-phase1-wait_006_rec00749.jpg","JP19","invivo","10scan","phase1-wait","006","rec00749"
"JP19-invivo-10scan-phase1-wait_007_rec00749.jpg","JP19","invivo","10scan","phase1-wait","007","rec00749"
"JP19-invivo-10scan-phase1-wait_008_rec00749.jpg","JP19","invivo","10scan","phase1-wait","008","rec00749"
"JP19-invivo-10scan-phase1-wait_009_rec00749.jpg","JP19","invivo","10scan","phase1-wait","009","rec00749"
"JP19-invivo-10scan-phase1-wait_010_rec00749.jpg","JP19","invivo","10scan","phase1-wait","010","rec00749"
"JP19-invivo-1postscan-h1-bulbs_rec00749.jpg","JP19","invivo","1postscan","h1-bulbs","","rec00749"
"JP19-invivo-1postscan-h2-spine_rec00749.jpg","JP19","invivo","1postscan","h2-spine","","rec00749"
"JP19-invivo-1prescan-h1-bulbs_rec00749.jpg","JP19","invivo","1prescan","h1-bulbs","","rec00749"
"JP19-invivo-1prescan-h2-spine_rec00749.jpg","JP19","invivo","1prescan","h2-spine","","rec00749"
"JP19-invivo-1scan-phase2-preinjection_rec00749.jpg","JP19","invivo","1scan","phase2-preinjection","","rec00749"
"JP19-invivo-1scan-phase3-postinjection_rec00749.jpg","JP19","invivo","1scan","phase3-postinjection","","rec00749"
"JP19-invivo-1scan-phase4-10min_rec00749.jpg","JP19","invivo","1scan","phase4-10min","","rec00749"
"JP19-invivo-1scan-phase4-20min_rec00749.jpg","JP19","invivo","1scan","phase4-20min","","rec00749"
"JP19-invivo-1scan-phase4-30min_rec00749.jpg","JP19","invivo","1scan","phase4-30min","","rec00749"
"JP19-invivo-1scan-phase5-preinjection_rec00749.jpg","JP19","invivo","1scan","phase5-preinjection","","rec00749"
"JP19-invivo-1scan-phase6-postinjection_rec00749.jpg","JP19","invivo","1scan","phase6-postinjection","","rec00749"
"JP19-invivo-1scan-phase7-10min_rec00749.jpg","JP19","invivo","1scan","phase7-10min","","rec00749"
"JP19-invivo-30scan-phase1-wait2_001_rec00749.jpg","JP19","invivo","30scan","phase1-wait2","001","rec00749"
"JP19-invivo-30scan-phase1-wait2_002_rec00749.jpg","JP19","invivo","30scan","phase1-wait2","002","rec00749"
"JP19-invivo-30scan-phase1-wait2_003_rec00749.jpg","JP19","invivo","30scan","phase1-wait2","003","rec00749"
"JP19-invivo-30scan-phase1-wait2_004_rec00749.jpg","JP19","invivo","30scan","phase1-wait2","004","rec00749"
"JP19-invivo-30scan-phase1-wait2_005_rec00749.jpg","JP19","invivo","30scan","phase1-wait2","005","rec00749"
"JP19-invivo-30scan-phase1-wait2_006_rec00749.jpg","JP19","invivo","30scan","phase1-wait2","006","rec00749"
"JP19-invivo-30scan-phase1-wait2_007_rec00749.jpg","JP19","invivo","30scan","phase1-wait2","007","rec00749"
"JP19-invivo-30scan-phase1-wait2_008_rec00749.jpg","JP19","invivo","30scan","phase1-wait2","008","rec00749"
"JP19-invivo-30scan-phase1-wait2_009_rec00749.jpg","JP19","invivo","30scan","phase1-wait2","009","rec00749"
"JP20-invivo-1prescan-h1-bulbs-v2_rec00749.jpg","JP20","invivo","1prescan","h1-bulbs-v2","","rec00749"
"JP20-invivo-1prescan-h2-spine-v2_rec00749.jpg","JP20","invivo","1prescan","h2-spine-v2","","rec00749"
"JP20-invivo-1scan-h1-bulbs-1_rec00749.jpg","JP20","invivo","1scan","h1-bulbs-1","","rec00749"
"JP20-invivo-1scan-h1-bulbs-2_rec00749.jpg","JP20","invivo","1scan","h1-bulbs-2","","rec00749"
"JP20-invivo-1scan-h1-bulbs-3_rec00749.jpg","JP20","invivo","1scan","h1-bulbs-3","","rec00749"
"JP20-invivo-1scan-h1-bulbs-4-preinjection_rec00749.jpg","JP20","invivo","1scan","h1-bulbs-4-preinjection","","rec00749"
"JP20-invivo-1scan-h1-bulbs-5-postinjection_rec00749.jpg","JP20","invivo","1scan","h1-bulbs-5-postinjection","","rec00749"
"JP20-invivo-1scan-h2-spine-1_rec00749.jpg","JP20","invivo","1scan","h2-spine-1","","rec00749"
"JP20-invivo-1scan-h2-spine-2_rec00749.jpg","JP20","invivo","1scan","h2-spine-2","","rec00749"
"JP20-invivo-1scan-h2-spine-3_rec00749.jpg","JP20","invivo","1scan","h2-spine-3","","rec00749"
"JP20-invivo-1scan-h2-spine-4-preinjection_rec00749.jpg","JP20","invivo","1scan","h2-spine-4-preinjection","","rec00749"
"JP20-invivo-1scan-h2-spine-5-postinjection_rec00749.jpg","JP20","invivo","1scan","h2-spine-5-postinjection","","rec00749"
"JP20-invivo-3scan-phase1-injection_001_rec00749.jpg","JP20","invivo","3scan","phase1-injection","001","rec00749"
"JP20-invivo-3scan-phase1-injection_002_rec00749.jpg","JP20","invivo","3scan","phase1-injection","002","rec00749"
"JP20-invivo-3scan-phase1-injection_003_rec00749.jpg","JP20","invivo","3scan","phase1-injection","003","rec00749"
"JP21-invivo-1scan-phase1-preinjection_rec00749.jpg","JP21","invivo","1scan","phase1-preinjection","","rec00749"
"JP21-invivo-1scan-phase2-injection-brain-10min_rec00749.jpg","JP21","invivo","1scan","phase2-injection-brain-10min","","rec00749"
"JP21-invivo-1scan-phase2-injection-nose_rec00749.jpg","JP21","invivo","1scan","phase2-injection-nose","","rec00749"
"JP21-invivo-1scan-phase3-postinjection-brain-100min_rec00749.jpg","JP21","invivo","1scan","phase3-postinjection-brain-100min","","rec00749"
"JP21-invivo-1scan-phase3-postinjection-brain-110min_rec00749.jpg","JP21","invivo","1scan","phase3-postinjection-brain-110min","","rec00749"
"JP21-invivo-1scan-phase3-postinjection-brain-120min_rec00749.jpg","JP21","invivo","1scan","phase3-postinjection-brain-120min","","rec00749"
"JP21-invivo-1scan-phase3-postinjection-brain-20min_rec00749.jpg","JP21","invivo","1scan","phase3-postinjection-brain-20min","","rec00749"
"JP21-invivo-1scan-phase3-postinjection-brain-30min_rec00749.jpg","JP21","invivo","1scan","phase3-postinjection-brain-30min","","rec00749"
"JP21-invivo-1scan-phase3-postinjection-brain-40min_rec00749.jpg","JP21","invivo","1scan","phase3-postinjection-brain-40min","","rec00749"
"JP21-invivo-1scan-phase3-postinjection-brain-50min_rec00749.jpg","JP21","invivo","1scan","phase3-postinjection-brain-50min","","rec00749"
"JP21-invivo-1scan-phase3-postinjection-brain-60min_rec00749.jpg","JP21","invivo","1scan","phase3-postinjection-brain-60min","","rec00749"
"JP21-invivo-1scan-phase3-postinjection-brain-70min_rec00749.jpg","JP21","invivo","1scan","phase3-postinjection-brain-70min","","rec00749"
"JP21-invivo-1scan-phase3-postinjection-brain-80min_rec00749.jpg","JP21","invivo","1scan","phase3-postinjection-brain-80min","","rec00749"
"JP21-invivo-1scan-phase3-postinjection-brain-90min_rec00749.jpg","JP21","invivo","1scan","phase3-postinjection-brain-90min","","rec00749"
"JP21-invivo-1scan-phase3-postinjection-nose-120min_rec00749.jpg","JP21","invivo","1scan","phase3-postinjection-nose-120min","","rec00749"
"JP21-invivo-1scan-phase3-postinjection-nose-60min_rec00749.jpg","JP21","invivo","1scan","phase3-postinjection-nose-60min","","rec00749"
"JP22-invivo-1scan-phase1-preinjection-brain_rec00749.jpg","JP22","invivo","1scan","phase1-preinjection-brain","","rec00749"
"JP22-invivo-1scan-phase1-preinjection-nose_rec00749.jpg","JP22","invivo","1scan","phase1-preinjection-nose","","rec00749"
"JP22-invivo-1scan-phase2-injection-nose-60min_rec00749.jpg","JP22","invivo","1scan","phase2-injection-nose-60min","","rec00749"
"JP22-invivo-1scan-phase3-postinjection-brain-70min_rec00749.jpg","JP22","invivo","1scan","phase3-postinjection-brain-70min","","rec00749"
"JP22-invivo-1scan-phase3-postinjection-brain-80min_rec00749.jpg","JP22","invivo","1scan","phase3-postinjection-brain-80min","","rec00749"
"JP22-invivo-1scan-phase3-postinjection-brain-90min_rec00749.jpg","JP22","invivo","1scan","phase3-postinjection-brain-90min","","rec00749"
"JP22-invivo-1scan-phase4-injection-spine-90min_rec00749.jpg","JP22","invivo","1scan","phase4-injection-spine-90min","","rec00749"
"JP22-invivo-1scan-phase4-injection-spine-95min_rec00749.jpg","JP22","invivo","1scan","phase4-injection-spine-95min","","rec00749"
"JP22-invivo-6scan-phase2-injection-brain_001_rec00749.jpg","JP22","invivo","6scan","phase2-injection-brain","001","rec00749"
"JP22-invivo-6scan-phase2-injection-brain_002_rec00749.jpg","JP22","invivo","6scan","phase2-injection-brain","002","rec00749"
"JP22-invivo-6scan-phase2-injection-brain_003_rec00749.jpg","JP22","invivo","6scan","phase2-injection-brain","003","rec00749"
"JP22-invivo-6scan-phase2-injection-brain_004_rec00749.jpg","JP22","invivo","6scan","phase2-injection-brain","004","rec00749"
"JP22-invivo-6scan-phase2-injection-brain_005_rec00749.jpg","JP22","invivo","6scan","phase2-injection-brain","005","rec00749"
"JP22-invivo-6scan-phase2-injection-brain_006_rec00749.jpg","JP22","invivo","6scan","phase2-injection-brain","006","rec00749"
"JP23-invivo-1scan-phase1-preinjection-brain_rec00749.jpg","JP23","invivo","1scan","phase1-preinjection-brain","","rec00749"
"JP23-invivo-1scan-phase1-preinjection-nose_rec00749.jpg","JP23","invivo","1scan","phase1-preinjection-nose","","rec00749"
"JP23-invivo-1scan-phase2-injection-brain-10min_rec00749.jpg","JP23","invivo","1scan","phase2-injection-brain-10min","","rec00749"
"JP23-invivo-1scan-phase3-postinjection-nose-60min_rec00749.jpg","JP23","invivo","1scan","phase3-postinjection-nose-60min","","rec00749"
"JP23-invivo-2scan-phase3-postinjection-brain-70-80min_001_rec00749.jpg","JP23","invivo","2scan","phase3-postinjection-brain-70-80min","001","rec00749"
"JP23-invivo-2scan-phase3-postinjection-brain-70-80min_002_rec00749.jpg","JP23","invivo","2scan","phase3-postinjection-brain-70-80min","002","rec00749"
"JP23-invivo-5scan-phase3-postinjection-brain-20-60min_001_rec00749.jpg","JP23","invivo","5scan","phase3-postinjection-brain-20-60min","001","rec00749"
"JP23-invivo-5scan-phase3-postinjection-brain-20-60min_005_rec00749.jpg","JP23","invivo","5scan","phase3-postinjection-brain-20-60min","005","rec00749"
"JP24-invivo-1scan-phase1-preinjection-brain_rec00749.jpg","JP24","invivo","1scan","phase1-preinjection-brain","","rec00749"
"JP24-invivo-1scan-phase1-preinjection-nose_rec00749.jpg","JP24","invivo","1scan","phase1-preinjection-nose","","rec00749"
"JP24-invivo-1scan-phase2-injection-brain_rec00749.jpg","JP24","invivo","1scan","phase2-injection-brain","","rec00749"
"JP24-invivo-1scan-phase3-postinjection-nose-60min_rec00749.jpg","JP24","invivo","1scan","phase3-postinjection-nose-60min","","rec00749"
"JP24-invivo-5scan-phase3-postinjection-brain_001_rec00749.jpg","JP24","invivo","5scan","phase3-postinjection-brain","001","rec00749"
"JP24-invivo-5scan-phase3-postinjection-brain_002_rec00749.jpg","JP24","invivo","5scan","phase3-postinjection-brain","002","rec00749"
"JP24-invivo-5scan-phase3-postinjection-brain_003_rec00749.jpg","JP24","invivo","5scan","phase3-postinjection-brain","003","rec00749"
"JP24-invivo-5scan-phase3-postinjection-brain_004_rec00749.jpg","JP24","invivo","5scan","phase3-postinjection-brain","004","rec00749"
"JP24-invivo-5scan-phase3-postinjection-brain_005_rec00749.jpg","JP24","invivo","5scan","phase3-postinjection-brain","005","rec00749"
"JP25-invivo-1scan-phase1-preinjection-brain_rec00749.jpg","JP25","invivo","1scan","phase1-preinjection-brain","","rec00749"
"JP25-invivo-1scan-phase1-preinjection-nose_rec00749.jpg","JP25","invivo","1scan","phase1-preinjection-nose","","rec00749"
"JP25-invivo-1scan-phase2-injection-brain_rec00749.jpg","JP25","invivo","1scan","phase2-injection-brain","","rec00749"
"JP25-invivo-1scan-phase3-postinjection-brain-100min_rec00749.jpg","JP25","invivo","1scan","phase3-postinjection-brain-100min","","rec00749"
"JP25-invivo-1scan-phase3-postinjection-brain-110min_rec00749.jpg","JP25","invivo","1scan","phase3-postinjection-brain-110min","","rec00749"
"JP25-invivo-1scan-phase3-postinjection-brain-70min_rec00749.jpg","JP25","invivo","1scan","phase3-postinjection-brain-70min","","rec00749"
"JP25-invivo-1scan-phase3-postinjection-brain-80min_rec00749.jpg","JP25","invivo","1scan","phase3-postinjection-brain-80min","","rec00749"
"JP25-invivo-1scan-phase3-postinjection-brain-90min_rec00749.jpg","JP25","invivo","1scan","phase3-postinjection-brain-90min","","rec00749"
"JP25-invivo-1scan-phase3-postinjection-nose-60min_rec00749.jpg","JP25","invivo","1scan","phase3-postinjection-nose-60min","","rec00749"
"JP25-invivo-5scan-phase3-postinjection-brain_001_rec00749.jpg","JP25","invivo","5scan","phase3-postinjection-brain","001","rec00749"
"JP25-invivo-5scan-phase3-postinjection-brain_002_rec00749.jpg","JP25","invivo","5scan","phase3-postinjection-brain","002","rec00749"
"JP25-invivo-5scan-phase3-postinjection-brain_003_rec00749.jpg","JP25","invivo","5scan","phase3-postinjection-brain","003","rec00749"
"JP25-invivo-5scan-phase3-postinjection-brain_004_rec00749.jpg","JP25","invivo","5scan","phase3-postinjection-brain","004","rec00749"
"JP25-invivo-5scan-phase3-postinjection-brain_005_rec00749.jpg","JP25","invivo","5scan","phase3-postinjection-brain","005","rec00749"
"JP26-invivo-1scan-phase1-preinjection-brain_rec00749.jpg","JP26","invivo","1scan","phase1-preinjection-brain","","rec00749"
"JP26-invivo-1scan-phase1-preinjection-nose_rec00749.jpg","JP26","invivo","1scan","phase1-preinjection-nose","","rec00749"
"JP26-invivo-1scan-phase2-injection-brain_rec00749.jpg","JP26","invivo","1scan","phase2-injection-brain","","rec00749"
"JP26-invivo-1scan-phase3-postinjection-nose-60min_rec00749.jpg","JP26","invivo","1scan","phase3-postinjection-nose-60min","","rec00749"
"JP26-invivo-2scan-phase3-postinjection-brain-80-90min_rec00749.jpg","JP26","invivo","2scan","phase3-postinjection-brain-80-90min","","rec00749"
"JP26-invivo-5scan-phase3-postinjection-brain_001_rec00749.jpg","JP26","invivo","5scan","phase3-postinjection-brain","001","rec00749"
"JP26-invivo-5scan-phase3-postinjection-brain_002_rec00749.jpg","JP26","invivo","5scan","phase3-postinjection-brain","002","rec00749"
"JP26-invivo-5scan-phase3-postinjection-brain_003_rec00749.jpg","JP26","invivo","5scan","phase3-postinjection-brain","003","rec00749"
"JP26-invivo-5scan-phase3-postinjection-brain_004_rec00749.jpg","JP26","invivo","5scan","phase3-postinjection-brain","004","rec00749"
"JP26-invivo-5scan-phase3-postinjection-brain_005_rec00749.jpg","JP26","invivo","5scan","phase3-postinjection-brain","005","rec00749"
"JP27-dead-1scan-phase2-injection1-brain_rec00749.jpg","JP27","dead","1scan","phase2-injection1-brain","","rec00749"
"JP27-dead-30scan-phase2-injection2-brain_001_rec00749.jpg","JP27","dead","30scan","phase2-injection2-brain","001","rec00749"
"JP27-dead-30scan-phase2-injection2-brain_002_rec00749.jpg","JP27","dead","30scan","phase2-injection2-brain","002","rec00749"
"JP27-dead-30scan-phase2-injection2-brain_003_rec00749.jpg","JP27","dead","30scan","phase2-injection2-brain","003","rec00749"
"JP27-dead-30scan-phase2-injection2-brain_004_rec00749.jpg","JP27","dead","30scan","phase2-injection2-brain","004","rec00749"
"JP27-dead-30scan-phase2-injection2-brain_005_rec00749.jpg","JP27","dead","30scan","phase2-injection2-brain","005","rec00749"
"JP27-dead-30scan-phase2-injection2-brain_006_rec00749.jpg","JP27","dead","30scan","phase2-injection2-brain","006","rec00749"
"JP27-dead-30scan-phase2-injection2-brain_007_rec00749.jpg","JP27","dead","30scan","phase2-injection2-brain","007","rec00749"
"JP27-dead-30scan-phase2-injection2-brain_008_rec00749.jpg","JP27","dead","30scan","phase2-injection2-brain","008","rec00749"
"JP27-dead-30scan-phase2-injection2-brain_009_rec00749.jpg","JP27","dead","30scan","phase2-injection2-brain","009","rec00749"
"JP27-dead-30scan-phase2-injection2-brain_010_rec00749.jpg","JP27","dead","30scan","phase2-injection2-brain","010","rec00749"
"JP27-dead-30scan-phase2-injection2-brain_011_rec00749.jpg","JP27","dead","30scan","phase2-injection2-brain","011","rec00749"
"JP27-dead-30scan-phase2-injection2-brain_012_rec00749.jpg","JP27","dead","30scan","phase2-injection2-brain","012","rec00749"
"JP27-dead-30scan-phase2-injection2-brain_013_rec00749.jpg","JP27","dead","30scan","phase2-injection2-brain","013","rec00749"
"JP27-dead-30scan-phase2-injection2-brain_014_rec00749.jpg","JP27","dead","30scan","phase2-injection2-brain","014","rec00749"
"JP27-dead-30scan-phase2-injection2-brain_015_rec00749.jpg","JP27","dead","30scan","phase2-injection2-brain","015","rec00749"
"JP27-dead-30scan-phase2-injection2-brain_016_rec00749.jpg","JP27","dead","30scan","phase2-injection2-brain","016","rec00749"
"JP27-dead-30scan-phase2-injection2-brain_017_rec00749.jpg","JP27","dead","30scan","phase2-injection2-brain","017","rec00749"
"JP27-dead-30scan-phase2-injection2-brain_018_rec00749.jpg","JP27","dead","30scan","phase2-injection2-brain","018","rec00749"
"JP27-dead-30scan-phase2-injection2-brain_019_rec00749.jpg","JP27","dead","30scan","phase2-injection2-brain","019","rec00749"
"JP27-dead-30scan-phase2-injection2-brain_020_rec00749.jpg","JP27","dead","30scan","phase2-injection2-brain","020","rec00749"
"JP27-dead-30scan-phase2-injection2-brain_021_rec00749.jpg","JP27","dead","30scan","phase2-injection2-brain","021","rec00749"
"JP27-dead-30scan-phase2-injection2-brain_022_rec00749.jpg","JP27","dead","30scan","phase2-injection2-brain","022","rec00749"
"JP27-dead-30scan-phase2-injection2-brain_023_rec00749.jpg","JP27","dead","30scan","phase2-injection2-brain","023","rec00749"
"JP27-dead-30scan-phase2-injection2-brain_024_rec00749.jpg","JP27","dead","30scan","phase2-injection2-brain","024","rec00749"
"JP27-dead-30scan-phase2-injection2-brain_025_rec00749.jpg","JP27","dead","30scan","phase2-injection2-brain","025","rec00749"
"JP27-dead-30scan-phase2-injection2-brain_026_rec00749.jpg","JP27","dead","30scan","phase2-injection2-brain","026","rec00749"
"JP27-dead-30scan-phase2-injection2-brain_027_rec00749.jpg","JP27","dead","30scan","phase2-injection2-brain","027","rec00749"
"JP27-dead-30scan-phase2-injection2-brain_028_rec00749.jpg","JP27","dead","30scan","phase2-injection2-brain","028","rec00749"
"JP27-dead-30scan-phase2-injection2-brain_029_rec00749.jpg","JP27","dead","30scan","phase2-injection2-brain","029","rec00749"
"JP27-dead-30scan-phase2-injection2-brain_030_rec00749.jpg","JP27","dead","30scan","phase2-injection2-brain","030","rec00749"
"JP28-invivo-1scan-phase1-preinjection-brain_rec00749.jpg","JP28","invivo","1scan","phase1-preinjection-brain","","rec00749"
"JP28-invivo-1scan-phase1-preinjection-nose_rec00749.jpg","JP28","invivo","1scan","phase1-preinjection-nose","","rec00749"
"JP28-invivo-1scan-phase2-injection-brain-v2_rec00749.jpg","JP28","invivo","1scan","phase2-injection-brain-v2","","rec00749"
"JP28-invivo-1scan-phase2-injection-nose_rec00749.jpg","JP28","invivo","1scan","phase2-injection-nose","","rec00749"
"JP28-invivo-1scan-phase3-postinjection-brain-70min_rec00749.jpg","JP28","invivo","1scan","phase3-postinjection-brain-70min","","rec00749"
"JP28-invivo-1scan-phase3-postinjection-nose-60min_rec00749.jpg","JP28","invivo","1scan","phase3-postinjection-nose-60min","","rec00749"
"JP28-invivo-30scan-phase4-reinjection-brain-continuous-110min_001_rec00749.jpg","JP28","invivo","30scan","phase4-reinjection-brain-continuous-110min","001","rec00749"
"JP28-invivo-30scan-phase4-reinjection-brain-continuous-110min_002_rec00749.jpg","JP28","invivo","30scan","phase4-reinjection-brain-continuous-110min","002","rec00749"
"JP28-invivo-30scan-phase4-reinjection-brain-continuous-110min_003_rec00749.jpg","JP28","invivo","30scan","phase4-reinjection-brain-continuous-110min","003","rec00749"
"JP28-invivo-30scan-phase4-reinjection-brain-continuous-110min_004_rec00749.jpg","JP28","invivo","30scan","phase4-reinjection-brain-continuous-110min","004","rec00749"
"JP28-invivo-30scan-phase4-reinjection-brain-continuous-110min_005_rec00749.jpg","JP28","invivo","30scan","phase4-reinjection-brain-continuous-110min","005","rec00749"
"JP28-invivo-30scan-phase4-reinjection-brain-continuous-110min_006_rec00749.jpg","JP28","invivo","30scan","phase4-reinjection-brain-continuous-110min","006","rec00749"
"JP28-invivo-30scan-phase4-reinjection-brain-continuous-110min_007_rec00749.jpg","JP28","invivo","30scan","phase4-reinjection-brain-continuous-110min","007","rec00749"
"JP28-invivo-30scan-phase4-reinjection-brain-continuous-110min_008_rec00749.jpg","JP28","invivo","30scan","phase4-reinjection-brain-continuous-110min","008","rec00749"
"JP28-invivo-30scan-phase4-reinjection-brain-continuous-110min_009_rec00749.jpg","JP28","invivo","30scan","phase4-reinjection-brain-continuous-110min","009","rec00749"
"JP28-invivo-30scan-phase4-reinjection-brain-continuous-110min_010_rec00749.jpg","JP28","invivo","30scan","phase4-reinjection-brain-continuous-110min","010","rec00749"
"JP28-invivo-30scan-phase4-reinjection-brain-continuous-110min_011_rec00749.jpg","JP28","invivo","30scan","phase4-reinjection-brain-continuous-110min","011","rec00749"
"JP28-invivo-30scan-phase4-reinjection-brain-continuous-110min_012_rec00749.jpg","JP28","invivo","30scan","phase4-reinjection-brain-continuous-110min","012","rec00749"
"JP28-invivo-30scan-phase4-reinjection-brain-continuous-110min_013_rec00749.jpg","JP28","invivo","30scan","phase4-reinjection-brain-continuous-110min","013","rec00749"
"JP28-invivo-30scan-phase4-reinjection-brain-continuous-110min_014_rec00749.jpg","JP28","invivo","30scan","phase4-reinjection-brain-continuous-110min","014","rec00749"
"JP28-invivo-30scan-phase4-reinjection-brain-continuous-110min_015_rec00749.jpg","JP28","invivo","30scan","phase4-reinjection-brain-continuous-110min","015","rec00749"
"JP28-invivo-30scan-phase4-reinjection-brain-continuous-110min_016_rec00749.jpg","JP28","invivo","30scan","phase4-reinjection-brain-continuous-110min","016","rec00749"
"JP28-invivo-30scan-phase4-reinjection-brain-continuous-110min_017_rec00749.jpg","JP28","invivo","30scan","phase4-reinjection-brain-continuous-110min","017","rec00749"
"JP28-invivo-30scan-phase4-reinjection-brain-continuous-110min_018_rec00749.jpg","JP28","invivo","30scan","phase4-reinjection-brain-continuous-110min","018","rec00749"
"JP28-invivo-30scan-phase4-reinjection-brain-continuous-110min_019_rec00749.jpg","JP28","invivo","30scan","phase4-reinjection-brain-continuous-110min","019","rec00749"
"JP28-invivo-30scan-phase4-reinjection-brain-continuous-110min_020_rec00749.jpg","JP28","invivo","30scan","phase4-reinjection-brain-continuous-110min","020","rec00749"
"JP28-invivo-30scan-phase4-reinjection-brain-continuous-110min_021_rec00749.jpg","JP28","invivo","30scan","phase4-reinjection-brain-continuous-110min","021","rec00749"
"JP28-invivo-30scan-phase4-reinjection-brain-continuous-110min_022_rec00749.jpg","JP28","invivo","30scan","phase4-reinjection-brain-continuous-110min","022","rec00749"
"JP28-invivo-30scan-phase4-reinjection-brain-continuous-110min_023_rec00749.jpg","JP28","invivo","30scan","phase4-reinjection-brain-continuous-110min","023","rec00749"
"JP28-invivo-30scan-phase4-reinjection-brain-continuous-110min_024_rec00749.jpg","JP28","invivo","30scan","phase4-reinjection-brain-continuous-110min","024","rec00749"
"JP28-invivo-30scan-phase4-reinjection-brain-continuous-110min_025_rec00749.jpg","JP28","invivo","30scan","phase4-reinjection-brain-continuous-110min","025","rec00749"
"JP28-invivo-30scan-phase4-reinjection-brain-continuous-110min_026_rec00749.jpg","JP28","invivo","30scan","phase4-reinjection-brain-continuous-110min","026","rec00749"
"JP28-invivo-30scan-phase4-reinjection-brain-continuous-110min_027_rec00749.jpg","JP28","invivo","30scan","phase4-reinjection-brain-continuous-110min","027","rec00749"
"JP28-invivo-30scan-phase4-reinjection-brain-continuous-110min_028_rec00749.jpg","JP28","invivo","30scan","phase4-reinjection-brain-continuous-110min","028","rec00749"
"JP28-invivo-30scan-phase4-reinjection-brain-continuous-110min_029_rec00749.jpg","JP28","invivo","30scan","phase4-reinjection-brain-continuous-110min","029","rec00749"
"JP28-invivo-30scan-phase4-reinjection-brain-continuous-110min_030_rec00749.jpg","JP28","invivo","30scan","phase4-reinjection-brain-continuous-110min","030","rec00749"
"JP28-invivo-3scan-phase3-postinjection-brain-80-100min_001_rec00749.jpg","JP28","invivo","3scan","phase3-postinjection-brain-80-100min","001","rec00749"
"JP28-invivo-3scan-phase3-postinjection-brain-80-100min_002_rec00749.jpg","JP28","invivo","3scan","phase3-postinjection-brain-80-100min","002","rec00749"
"JP28-invivo-3scan-phase3-postinjection-brain-80-100min_003_rec00749.jpg","JP28","invivo","3scan","phase3-postinjection-brain-80-100min","003","rec00749"
"JP28-invivo-5scan-phase3-postinjection-brain_001_rec00749.jpg","JP28","invivo","5scan","phase3-postinjection-brain","001","rec00749"
"JP28-invivo-5scan-phase3-postinjection-brain_002_rec00749.jpg","JP28","invivo","5scan","phase3-postinjection-brain","002","rec00749"
"JP28-invivo-5scan-phase3-postinjection-brain_003_rec00749.jpg","JP28","invivo","5scan","phase3-postinjection-brain","003","rec00749"
"JP28-invivo-5scan-phase3-postinjection-brain_004_rec00749.jpg","JP28","invivo","5scan","phase3-postinjection-brain","004","rec00749"
"JP28-invivo-5scan-phase3-postinjection-brain_005_rec00749.jpg","JP28","invivo","5scan","phase3-postinjection-brain","005","rec00749"
"JP29-invivo-1scan-phase1-preinjection-brain_rec00749.jpg","JP29","invivo","1scan","phase1-preinjection-brain","","rec00749"
"JP29-invivo-1scan-phase1-preinjection-nose_rec00749.jpg","JP29","invivo","1scan","phase1-preinjection-nose","","rec00749"
"JP29-invivo-1scan-phase2-injection-brain_rec00749.jpg","JP29","invivo","1scan","phase2-injection-brain","","rec00749"
"JP29-invivo-1scan-phase3-postinjection-brain-90min_rec00749.jpg","JP29","invivo","1scan","phase3-postinjection-brain-90min","","rec00749"
"JP29-invivo-1scan-phase3-postinjection-nose-60min_rec00749.jpg","JP29","invivo","1scan","phase3-postinjection-nose-60min","","rec00749"
"JP29-invivo-2scan-phase3-postinjection-brain-70min-80min_001_rec00749.jpg","JP29","invivo","2scan","phase3-postinjection-brain-70min-80min","001","rec00749"
"JP29-invivo-2scan-phase3-postinjection-brain-70min-80min_002_rec00749.jpg","JP29","invivo","2scan","phase3-postinjection-brain-70min-80min","002","rec00749"
"JP29-invivo-5scan-phase3-postinjection-brain_001_rec00749.jpg","JP29","invivo","5scan","phase3-postinjection-brain","001","rec00749"
"JP29-invivo-5scan-phase3-postinjection-brain_002_rec00749.jpg","JP29","invivo","5scan","phase3-postinjection-brain","002","rec00749"
"JP29-invivo-5scan-phase3-postinjection-brain_003_rec00749.jpg","JP29","invivo","5scan","phase3-postinjection-brain","003","rec00749"
"JP29-invivo-5scan-phase3-postinjection-brain_004_rec00749.jpg","JP29","invivo","5scan","phase3-postinjection-brain","004","rec00749"
"JP29-invivo-5scan-phase3-postinjection-brain_005_rec00749.jpg","JP29","invivo","5scan","phase3-postinjection-brain","005","rec00749"
"JP30-invivo-10scan-phase4-reinjection-brain-continuous_001_rec00749.jpg","JP30","invivo","10scan","phase4-reinjection-brain-continuous","001","rec00749"
"JP30-invivo-10scan-phase4-reinjection-brain-continuous_002_rec00749.jpg","JP30","invivo","10scan","phase4-reinjection-brain-continuous","002","rec00749"
"JP30-invivo-10scan-phase4-reinjection-brain-continuous_003_rec00749.jpg","JP30","invivo","10scan","phase4-reinjection-brain-continuous","003","rec00749"
"JP30-invivo-10scan-phase4-reinjection-brain-continuous_004_rec00749.jpg","JP30","invivo","10scan","phase4-reinjection-brain-continuous","004","rec00749"
"JP30-invivo-10scan-phase4-reinjection-brain-continuous_005_rec00749.jpg","JP30","invivo","10scan","phase4-reinjection-brain-continuous","005","rec00749"
"JP30-invivo-10scan-phase4-reinjection-brain-continuous_010_rec00749.jpg","JP30","invivo","10scan","phase4-reinjection-brain-continuous","010","rec00749"
"JP30-invivo-1scan-phase1-preinjection-brain_rec00749.jpg","JP30","invivo","1scan","phase1-preinjection-brain","","rec00749"
"JP30-invivo-1scan-phase1-preinjection-nose_rec00749.jpg","JP30","invivo","1scan","phase1-preinjection-nose","","rec00749"
"JP30-invivo-1scan-phase2-injection-brain_rec00749.jpg","JP30","invivo","1scan","phase2-injection-brain","","rec00749"
"JP30-invivo-1scan-phase3-postinjection-nose-60min_rec00749.jpg","JP30","invivo","1scan","phase3-postinjection-nose-60min","","rec00749"
"JP30-invivo-3scan-phase3-postinjection-brain-70min-90min_001_rec00749.jpg","JP30","invivo","3scan","phase3-postinjection-brain-70min-90min","001","rec00749"
"JP30-invivo-3scan-phase3-postinjection-brain-70min-90min_002_rec00749.jpg","JP30","invivo","3scan","phase3-postinjection-brain-70min-90min","002","rec00749"
"JP30-invivo-3scan-phase3-postinjection-brain-70min-90min_003_rec00749.jpg","JP30","invivo","3scan","phase3-postinjection-brain-70min-90min","003","rec00749"
"JP30-invivo-5scan-phase3-postinjection-brain_001_rec00749.jpg","JP30","invivo","5scan","phase3-postinjection-brain","001","rec00749"
"JP30-invivo-5scan-phase3-postinjection-brain_002_rec00749.jpg","JP30","invivo","5scan","phase3-postinjection-brain","002","rec00749"
"JP30-invivo-5scan-phase3-postinjection-brain_003_rec00749.jpg","JP30","invivo","5scan","phase3-postinjection-brain","003","rec00749"
"JP30-invivo-5scan-phase3-postinjection-brain_004_rec00749.jpg","JP30","invivo","5scan","phase3-postinjection-brain","004","rec00749"
"JP30-invivo-5scan-phase3-postinjection-brain_005_rec00749.jpg","JP30","invivo","5scan","phase3-postinjection-brain","005","rec00749"
"JP31-dead-1scan-phase3-postinjection-brain-65min_rec00749.jpg","JP31","dead","1scan","phase3-postinjection-brain-65min","","rec00749"
"JP31-dead-1scan-phase3-postinjection-nose-60min_rec00749.jpg","JP31","dead","1scan","phase3-postinjection-nose-60min","","rec00749"
"JP31-invivo-1scan-phase1-preinjection-brain_rec00749.jpg","JP31","invivo","1scan","phase1-preinjection-brain","","rec00749"
"JP31-invivo-1scan-phase1-preinjection-nose_rec00749.jpg","JP31","invivo","1scan","phase1-preinjection-nose","","rec00749"
"JP31-invivo-1scan-phase2-injection-brain_rec00749.jpg","JP31","invivo","1scan","phase2-injection-brain","","rec00749"
"JP31-invivo-5scan-phase3-postinjection-brain_001_rec00749.jpg","JP31","invivo","5scan","phase3-postinjection-brain","001","rec00749"
"JP31-invivo-5scan-phase3-postinjection-brain_002_rec00749.jpg","JP31","invivo","5scan","phase3-postinjection-brain","002","rec00749"
"JP31-invivo-5scan-phase3-postinjection-brain_003_rec00749.jpg","JP31","invivo","5scan","phase3-postinjection-brain","003","rec00749"
"JP31-invivo-5scan-phase3-postinjection-brain_004_rec00749.jpg","JP31","invivo","5scan","phase3-postinjection-brain","004","rec00749"
"JP31-invivo-5scan-phase3-postinjection-brain_005_rec00749.jpg","JP31","invivo","5scan","phase3-postinjection-brain","005","rec00749"
"JP32-invivo-10scan-phase4-reinjection-brain-continuous_001_rec00749.jpg","JP32","invivo","10scan","phase4-reinjection-brain-continuous","001","rec00749"
"JP32-invivo-10scan-phase4-reinjection-brain-continuous_002_rec00749.jpg","JP32","invivo","10scan","phase4-reinjection-brain-continuous","002","rec00749"
"JP32-invivo-10scan-phase4-reinjection-brain-continuous_003_rec00749.jpg","JP32","invivo","10scan","phase4-reinjection-brain-continuous","003","rec00749"
"JP32-invivo-10scan-phase4-reinjection-brain-continuous_004_rec00749.jpg","JP32","invivo","10scan","phase4-reinjection-brain-continuous","004","rec00749"
"JP32-invivo-10scan-phase4-reinjection-brain-continuous_005_rec00749.jpg","JP32","invivo","10scan","phase4-reinjection-brain-continuous","005","rec00749"
"JP32-invivo-10scan-phase4-reinjection-brain-continuous_006_rec00749.jpg","JP32","invivo","10scan","phase4-reinjection-brain-continuous","006","rec00749"
"JP32-invivo-10scan-phase4-reinjection-brain-continuous_007_rec00749.jpg","JP32","invivo","10scan","phase4-reinjection-brain-continuous","007","rec00749"
"JP32-invivo-10scan-phase4-reinjection-brain-continuous_008_rec00749.jpg","JP32","invivo","10scan","phase4-reinjection-brain-continuous","008","rec00749"
"JP32-invivo-10scan-phase4-reinjection-brain-continuous_009_rec00749.jpg","JP32","invivo","10scan","phase4-reinjection-brain-continuous","009","rec00749"
"JP32-invivo-10scan-phase4-reinjection-brain-continuous_010_rec00749.jpg","JP32","invivo","10scan","phase4-reinjection-brain-continuous","010","rec00749"
"JP32-invivo-1scan-phase1-preinjection-brain_rec00749.jpg","JP32","invivo","1scan","phase1-preinjection-brain","","rec00749"
"JP32-invivo-1scan-phase1-preinjection-nose_rec00749.jpg","JP32","invivo","1scan","phase1-preinjection-nose","","rec00749"
"JP32-invivo-1scan-phase2-injection-brain_rec00749.jpg","JP32","invivo","1scan","phase2-injection-brain","","rec00749"
"JP32-invivo-1scan-phase3-postinjection-nose-60min_rec00749.jpg","JP32","invivo","1scan","phase3-postinjection-nose-60min","","rec00749"
"JP32-invivo-3scan-phase3-postinjection-brain-70min-90min_001_rec00749.jpg","JP32","invivo","3scan","phase3-postinjection-brain-70min-90min","001","rec00749"
"JP32-invivo-3scan-phase3-postinjection-brain-70min-90min_002_rec00749.jpg","JP32","invivo","3scan","phase3-postinjection-brain-70min-90min","002","rec00749"
"JP32-invivo-3scan-phase3-postinjection-brain-70min-90min_003_rec00749.jpg","JP32","invivo","3scan","phase3-postinjection-brain-70min-90min","003","rec00749"
"JP32-invivo-5scan-phase3-postinjection-brain_001_rec00749.jpg","JP32","invivo","5scan","phase3-postinjection-brain","001","rec00749"
"JP32-invivo-5scan-phase3-postinjection-brain_002_rec00749.jpg","JP32","invivo","5scan","phase3-postinjection-brain","002","rec00749"
"JP32-invivo-5scan-phase3-postinjection-brain_003_rec00749.jpg","JP32","invivo","5scan","phase3-postinjection-brain","003","rec00749"
"JP32-invivo-5scan-phase3-postinjection-brain_004_rec00749.jpg","JP32","invivo","5scan","phase3-postinjection-brain","004","rec00749"
"JP32-invivo-5scan-phase3-postinjection-brain_005_rec00749.jpg","JP32","invivo","5scan","phase3-postinjection-brain","005","rec00749"
"JP33-invivo-10scan-phase4-reinjection-brain-continuous_001_rec00749.jpg","JP33","invivo","10scan","phase4-reinjection-brain-continuous","001","rec00749"
"JP33-invivo-10scan-phase4-reinjection-brain-continuous_002_rec00749.jpg","JP33","invivo","10scan","phase4-reinjection-brain-continuous","002","rec00749"
"JP33-invivo-10scan-phase4-reinjection-brain-continuous_003_rec00749.jpg","JP33","invivo","10scan","phase4-reinjection-brain-continuous","003","rec00749"
"JP33-invivo-10scan-phase4-reinjection-brain-continuous_004_rec00749.jpg","JP33","invivo","10scan","phase4-reinjection-brain-continuous","004","rec00749"
"JP33-invivo-10scan-phase4-reinjection-brain-continuous_005_rec00749.jpg","JP33","invivo","10scan","phase4-reinjection-brain-continuous","005","rec00749"
"JP33-invivo-10scan-phase4-reinjection-brain-continuous_006_rec00749.jpg","JP33","invivo","10scan","phase4-reinjection-brain-continuous","006","rec00749"
"JP33-invivo-10scan-phase4-reinjection-brain-continuous_007_rec00749.jpg","JP33","invivo","10scan","phase4-reinjection-brain-continuous","007","rec00749"
"JP33-invivo-10scan-phase4-reinjection-brain-continuous_008_rec00749.jpg","JP33","invivo","10scan","phase4-reinjection-brain-continuous","008","rec00749"
"JP33-invivo-10scan-phase4-reinjection-brain-continuous_009_rec00749.jpg","JP33","invivo","10scan","phase4-reinjection-brain-continuous","009","rec00749"
"JP33-invivo-10scan-phase4-reinjection-brain-continuous_010_rec00749.jpg","JP33","invivo","10scan","phase4-reinjection-brain-continuous","010","rec00749"
"JP33-invivo-1scan-phase1-preinjection-brain_rec00749.jpg","JP33","invivo","1scan","phase1-preinjection-brain","","rec00749"
"JP33-invivo-1scan-phase1-preinjection-nose_rec00749.jpg","JP33","invivo","1scan","phase1-preinjection-nose","","rec00749"
"JP33-invivo-1scan-phase2-injection-brain_rec00749.jpg","JP33","invivo","1scan","phase2-injection-brain","","rec00749"
"JP33-invivo-1scan-phase3-postinjection-nose-60min_rec00749.jpg","JP33","invivo","1scan","phase3-postinjection-nose-60min","","rec00749"
"JP33-invivo-3scan-phase3-postinjection-brain-70min-90min_001_rec00749.jpg","JP33","invivo","3scan","phase3-postinjection-brain-70min-90min","001","rec00749"
"JP33-invivo-3scan-phase3-postinjection-brain-70min-90min_002_rec00749.jpg","JP33","invivo","3scan","phase3-postinjection-brain-70min-90min","002","rec00749"
"JP33-invivo-3scan-phase3-postinjection-brain-70min-90min_003_rec00749.jpg","JP33","invivo","3scan","phase3-postinjection-brain-70min-90min","003","rec00749"
"JP33-invivo-5scan-phase3-postinjection-brain_001_rec00749.jpg","JP33","invivo","5scan","phase3-postinjection-brain","001","rec00749"
"JP33-invivo-5scan-phase3-postinjection-brain_002_rec00749.jpg","JP33","invivo","5scan","phase3-postinjection-brain","002","rec00749"
"JP33-invivo-5scan-phase3-postinjection-brain_003_rec00749.jpg","JP33","invivo","5scan","phase3-postinjection-brain","003","rec00749"
"JP33-invivo-5scan-phase3-postinjection-brain_004_rec00749.jpg","JP33","invivo","5scan","phase3-postinjection-brain","004","rec00749"
"JP33-invivo-5scan-phase3-postinjection-brain_005_rec00749.jpg","JP33","invivo","5scan","phase3-postinjection-brain","005","rec00749"
"JP33-invivo-scan1-brain_rec00749.jpg","JP33","invivo","scan1","brain","","rec00749"
"JP33-invivo-scan2-nose_rec00749.jpg","JP33","invivo","scan2","nose","","rec00749"
"JP33-invivo-scan3-spine_rec00749.jpg","JP33","invivo","scan3","spine","","rec00749"
"JP34-invivo-scan1-brain_rec00749.jpg","JP34","invivo","scan1","brain","","rec00749"
"JP34-invivo-scan2-nose_rec00749.jpg","JP34","invivo","scan2","nose","","rec00749"
"JP34-invivo-scan3-spine_rec00749.jpg","JP34","invivo","scan3","spine","","rec00749"
"JP34-invivo-scan4-60scans-brain_001_rec00749.jpg","JP34","invivo","scan4","60scans-brain","001","rec00749"
"JP34-invivo-scan4-60scans-brain_002_rec00749.jpg","JP34","invivo","scan4","60scans-brain","002","rec00749"
"JP34-invivo-scan4-60scans-brain_003_rec00749.jpg","JP34","invivo","scan4","60scans-brain","003","rec00749"
"JP34-invivo-scan4-60scans-brain_004_rec00749.jpg","JP34","invivo","scan4","60scans-brain","004","rec00749"
"JP34-invivo-scan4-60scans-brain_005_rec00749.jpg","JP34","invivo","scan4","60scans-brain","005","rec00749"
"JP34-invivo-scan4-60scans-brain_006_rec00749.jpg","JP34","invivo","scan4","60scans-brain","006","rec00749"
"JP34-invivo-scan4-60scans-brain_007_rec00749.jpg","JP34","invivo","scan4","60scans-brain","007","rec00749"
"JP34-invivo-scan4-60scans-brain_008_rec00749.jpg","JP34","invivo","scan4","60scans-brain","008","rec00749"
"JP34-invivo-scan4-60scans-brain_009_rec00749.jpg","JP34","invivo","scan4","60scans-brain","009","rec00749"
"JP34-invivo-scan4-60scans-brain_010_rec00749.jpg","JP34","invivo","scan4","60scans-brain","010","rec00749"
"JP34-invivo-scan4-60scans-brain_011_rec00749.jpg","JP34","invivo","scan4","60scans-brain","011","rec00749"
"JP34-invivo-scan4-60scans-brain_012_rec00749.jpg","JP34","invivo","scan4","60scans-brain","012","rec00749"
"JP34-invivo-scan4-60scans-brain_013_rec00749.jpg","JP34","invivo","scan4","60scans-brain","013","rec00749"
"JP34-invivo-scan4-60scans-brain_014_rec00749.jpg","JP34","invivo","scan4","60scans-brain","014","rec00749"
"JP34-invivo-scan4-60scans-brain_015_rec00749.jpg","JP34","invivo","scan4","60scans-brain","015","rec00749"
"JP34-invivo-scan4-60scans-brain_016_rec00749.jpg","JP34","invivo","scan4","60scans-brain","016","rec00749"
"JP34-invivo-scan4-60scans-brain_017_rec00749.jpg","JP34","invivo","scan4","60scans-brain","017","rec00749"
"JP34-invivo-scan4-60scans-brain_018_rec00749.jpg","JP34","invivo","scan4","60scans-brain","018","rec00749"
"JP34-invivo-scan4-60scans-brain_019_rec00749.jpg","JP34","invivo","scan4","60scans-brain","019","rec00749"
"JP34-invivo-scan4-60scans-brain_020_rec00749.jpg","JP34","invivo","scan4","60scans-brain","020","rec00749"
"JP34-invivo-scan4-60scans-brain_021_rec00749.jpg","JP34","invivo","scan4","60scans-brain","021","rec00749"
"JP34-invivo-scan4-60scans-brain_022_rec00749.jpg","JP34","invivo","scan4","60scans-brain","022","rec00749"
"JP34-invivo-scan4-60scans-brain_023_rec00749.jpg","JP34","invivo","scan4","60scans-brain","023","rec00749"
"JP34-invivo-scan4-60scans-brain_024_rec00749.jpg","JP34","invivo","scan4","60scans-brain","024","rec00749"
"JP34-invivo-scan4-60scans-brain_025_rec00749.jpg","JP34","invivo","scan4","60scans-brain","025","rec00749"
"JP34-invivo-scan4-60scans-brain_026_rec00749.jpg","JP34","invivo","scan4","60scans-brain","026","rec00749"
"JP34-invivo-scan4-60scans-brain_027_rec00749.jpg","JP34","invivo","scan4","60scans-brain","027","rec00749"
"JP34-invivo-scan4-60scans-brain_028_rec00749.jpg","JP34","invivo","scan4","60scans-brain","028","rec00749"
"JP34-invivo-scan4-60scans-brain_029_rec00749.jpg","JP34","invivo","scan4","60scans-brain","029","rec00749"
"JP34-invivo-scan4-60scans-brain_030_rec00749.jpg","JP34","invivo","scan4","60scans-brain","030","rec00749"
"JP34-invivo-scan4-60scans-brain_031_rec00749.jpg","JP34","invivo","scan4","60scans-brain","031","rec00749"
"JP34-invivo-scan4-60scans-brain_032_rec00749.jpg","JP34","invivo","scan4","60scans-brain","032","rec00749"
"JP34-invivo-scan4-60scans-brain_033_rec00749.jpg","JP34","invivo","scan4","60scans-brain","033","rec00749"
"JP34-invivo-scan4-60scans-brain_034_rec00749.jpg","JP34","invivo","scan4","60scans-brain","034","rec00749"
"JP34-invivo-scan4-60scans-brain_035_rec00749.jpg","JP34","invivo","scan4","60scans-brain","035","rec00749"
"JP34-invivo-scan4-60scans-brain_036_rec00749.jpg","JP34","invivo","scan4","60scans-brain","036","rec00749"
"JP34-invivo-scan4-60scans-brain_037_rec00749.jpg","JP34","invivo","scan4","60scans-brain","037","rec00749"
"JP34-invivo-scan4-60scans-brain_038_rec00749.jpg","JP34","invivo","scan4","60scans-brain","038","rec00749"
"JP34-invivo-scan4-60scans-brain_039_rec00749.jpg","JP34","invivo","scan4","60scans-brain","039","rec00749"
"JP34-invivo-scan4-60scans-brain_040_rec00749.jpg","JP34","invivo","scan4","60scans-brain","040","rec00749"
"JP34-invivo-scan4-60scans-brain_041_rec00749.jpg","JP34","invivo","scan4","60scans-brain","041","rec00749"
"JP34-invivo-scan4-60scans-brain_042_rec00749.jpg","JP34","invivo","scan4","60scans-brain","042","rec00749"
"JP34-invivo-scan4-60scans-brain_043_rec00749.jpg","JP34","invivo","scan4","60scans-brain","043","rec00749"
"JP34-invivo-scan4-60scans-brain_044_rec00749.jpg","JP34","invivo","scan4","60scans-brain","044","rec00749"
"JP34-invivo-scan4-60scans-brain_045_rec00749.jpg","JP34","invivo","scan4","60scans-brain","045","rec00749"
"JP34-invivo-scan4-60scans-brain_046_rec00749.jpg","JP34","invivo","scan4","60scans-brain","046","rec00749"
"JP34-invivo-scan4-60scans-brain_047_rec00749.jpg","JP34","invivo","scan4","60scans-brain","047","rec00749"
"JP34-invivo-scan4-60scans-brain_048_rec00749.jpg","JP34","invivo","scan4","60scans-brain","048","rec00749"
"JP34-invivo-scan4-60scans-brain_049_rec00749.jpg","JP34","invivo","scan4","60scans-brain","049","rec00749"
"JP34-invivo-scan4-60scans-brain_050_rec00749.jpg","JP34","invivo","scan4","60scans-brain","050","rec00749"
"JP34-invivo-scan4-60scans-brain_051_rec00749.jpg","JP34","invivo","scan4","60scans-brain","051","rec00749"
"JP34-invivo-scan4-60scans-brain_052_rec00749.jpg","JP34","invivo","scan4","60scans-brain","052","rec00749"
"JP34-invivo-scan4-60scans-brain_053_rec00749.jpg","JP34","invivo","scan4","60scans-brain","053","rec00749"
"JP34-invivo-scan4-60scans-brain_054_rec00749.jpg","JP34","invivo","scan4","60scans-brain","054","rec00749"
"JP34-invivo-scan4-60scans-brain_055_rec00749.jpg","JP34","invivo","scan4","60scans-brain","055","rec00749"
"JP34-invivo-scan4-60scans-brain_056_rec00749.jpg","JP34","invivo","scan4","60scans-brain","056","rec00749"
"JP34-invivo-scan4-60scans-brain_057_rec00749.jpg","JP34","invivo","scan4","60scans-brain","057","rec00749"
"JP34-invivo-scan4-60scans-brain_058_rec00749.jpg","JP34","invivo","scan4","60scans-brain","058","rec00749"
"JP34-invivo-scan4-60scans-brain_059_rec00749.jpg","JP34","invivo","scan4","60scans-brain","059","rec00749"
"JP34-invivo-scan4-60scans-brain_060_rec00749.jpg","JP34","invivo","scan4","60scans-brain","060","rec00749"
